group,artifact,version,licenses,license_urls,evidence,error
androidx.activity,activity,1.13.0,"The Apache Software License, Version 2.0",http://www.apache.org/licenses/LICENSE-2.0.txt,offline resolved releaseRuntimeClasspath; exact-version publisher POM https://dl.google.com/dl/android/maven2/androidx/activity/activity/1.13.0/activity-1.13.0.pom,
androidx.annotation,annotation,1.9.1,"The Apache Software License, Version 2.0",http://www.apache.org/licenses/LICENSE-2.0.txt,offline resolved releaseRuntimeClasspath; exact-version publisher POM https://dl.google.com/dl/android/maven2/androidx/annotation/annotation/1.9.1/annotation-1.9.1.pom,
androidx.annotation,annotation-experimental,1.4.1,"The Apache Software License, Version 2.0",http://www.apache.org/licenses/LICENSE-2.0.txt,offline resolved releaseRuntimeClasspath; exact-version publisher POM https://dl.google.com/dl/android/maven2/androidx/annotation/annotation-experimental/1.4.1/annotation-experimental-1.4.1.pom,
androidx.annotation,annotation-jvm,1.9.1,"The Apache Software License, Version 2.0",http://www.apache.org/licenses/LICENSE-2.0.txt,offline resolved releaseRuntimeClasspath; exact-version publisher POM https://dl.google.com/dl/android/maven2/androidx/annotation/annotation-jvm/1.9.1/annotation-jvm-1.9.1.pom,
androidx.arch.core,core-common,2.2.0,"The Apache Software License, Version 2.0",http://www.apache.org/licenses/LICENSE-2.0.txt,offline resolved releaseRuntimeClasspath; exact-version publisher POM https://dl.google.com/dl/android/maven2/androidx/arch/core/core-common/2.2.0/core-common-2.2.0.pom,
androidx.arch.core,core-runtime,2.2.0,"The Apache Software License, Version 2.0",http://www.apache.org/licenses/LICENSE-2.0.txt,offline resolved releaseRuntimeClasspath; exact-version publisher POM https://dl.google.com/dl/android/maven2/androidx/arch/core/core-runtime/2.2.0/core-runtime-2.2.0.pom,
androidx.collection,collection,1.4.2,"The Apache Software License, Version 2.0",http://www.apache.org/licenses/LICENSE-2.0.txt,offline resolved releaseRuntimeClasspath; exact-version publisher POM https://dl.google.com/dl/android/maven2/androidx/collection/collection/1.4.2/collection-1.4.2.pom,
androidx.collection,collection-jvm,1.4.2,"The Apache Software License, Version 2.0",http://www.apache.org/licenses/LICENSE-2.0.txt,offline resolved releaseRuntimeClasspath; exact-version publisher POM https://dl.google.com/dl/android/maven2/androidx/collection/collection-jvm/1.4.2/collection-jvm-1.4.2.pom,
androidx.compose.runtime,runtime-annotation,1.9.0,"The Apache Software License, Version 2.0",http://www.apache.org/licenses/LICENSE-2.0.txt,offline resolved releaseRuntimeClasspath; exact-version publisher POM https://dl.google.com/dl/android/maven2/androidx/compose/runtime/runtime-annotation/1.9.0/runtime-annotation-1.9.0.pom,
androidx.compose.runtime,runtime-annotation-android,1.9.0,"The Apache Software License, Version 2.0",http://www.apache.org/licenses/LICENSE-2.0.txt,offline resolved releaseRuntimeClasspath; exact-version publisher POM https://dl.google.com/dl/android/maven2/androidx/compose/runtime/runtime-annotation-android/1.9.0/runtime-annotation-android-1.9.0.pom,
androidx.concurrent,concurrent-futures,1.1.0,"The Apache Software License, Version 2.0",http://www.apache.org/licenses/LICENSE-2.0.txt,offline resolved releaseRuntimeClasspath; exact-version publisher POM https://dl.google.com/dl/android/maven2/androidx/concurrent/concurrent-futures/1.1.0/concurrent-futures-1.1.0.pom,
androidx.core,core,1.18.0,"The Apache Software License, Version 2.0",http://www.apache.org/licenses/LICENSE-2.0.txt,offline resolved releaseRuntimeClasspath; exact-version publisher POM https://dl.google.com/dl/android/maven2/androidx/core/core/1.18.0/core-1.18.0.pom,
androidx.core,core-ktx,1.18.0,"The Apache Software License, Version 2.0",http://www.apache.org/licenses/LICENSE-2.0.txt,offline resolved releaseRuntimeClasspath; exact-version publisher POM https://dl.google.com/dl/android/maven2/androidx/core/core-ktx/1.18.0/core-ktx-1.18.0.pom,
androidx.core,core-viewtree,1.0.0,"The Apache Software License, Version 2.0",http://www.apache.org/licenses/LICENSE-2.0.txt,offline resolved releaseRuntimeClasspath; exact-version publisher POM https://dl.google.com/dl/android/maven2/androidx/core/core-viewtree/1.0.0/core-viewtree-1.0.0.pom,
androidx.interpolator,interpolator,1.0.0,"The Apache Software License, Version 2.0",http://www.apache.org/licenses/LICENSE-2.0.txt,offline resolved releaseRuntimeClasspath; exact-version publisher POM https://dl.google.com/dl/android/maven2/androidx/interpolator/interpolator/1.0.0/interpolator-1.0.0.pom,
androidx.lifecycle,lifecycle-common,2.6.2,"The Apache Software License, Version 2.0",http://www.apache.org/licenses/LICENSE-2.0.txt,offline resolved releaseRuntimeClasspath; exact-version publisher POM https://dl.google.com/dl/android/maven2/androidx/lifecycle/lifecycle-common/2.6.2/lifecycle-common-2.6.2.pom,
androidx.lifecycle,lifecycle-livedata-core,2.6.2,"The Apache Software License, Version 2.0",http://www.apache.org/licenses/LICENSE-2.0.txt,offline resolved releaseRuntimeClasspath; exact-version publisher POM https://dl.google.com/dl/android/maven2/androidx/lifecycle/lifecycle-livedata-core/2.6.2/lifecycle-livedata-core-2.6.2.pom,
androidx.lifecycle,lifecycle-runtime,2.6.2,"The Apache Software License, Version 2.0",http://www.apache.org/licenses/LICENSE-2.0.txt,offline resolved releaseRuntimeClasspath; exact-version publisher POM https://dl.google.com/dl/android/maven2/androidx/lifecycle/lifecycle-runtime/2.6.2/lifecycle-runtime-2.6.2.pom,
androidx.lifecycle,lifecycle-viewmodel,2.6.2,"The Apache Software License, Version 2.0",http://www.apache.org/licenses/LICENSE-2.0.txt,offline resolved releaseRuntimeClasspath; exact-version publisher POM https://dl.google.com/dl/android/maven2/androidx/lifecycle/lifecycle-viewmodel/2.6.2/lifecycle-viewmodel-2.6.2.pom,
androidx.lifecycle,lifecycle-viewmodel-savedstate,2.6.2,"The Apache Software License, Version 2.0",http://www.apache.org/licenses/LICENSE-2.0.txt,offline resolved releaseRuntimeClasspath; exact-version publisher POM https://dl.google.com/dl/android/maven2/androidx/lifecycle/lifecycle-viewmodel-savedstate/2.6.2/lifecycle-viewmodel-savedstate-2.6.2.pom,
androidx.navigationevent,navigationevent,1.0.0,"The Apache Software License, Version 2.0",http://www.apache.org/licenses/LICENSE-2.0.txt,offline resolved releaseRuntimeClasspath; exact-version publisher POM https://dl.google.com/dl/android/maven2/androidx/navigationevent/navigationevent/1.0.0/navigationevent-1.0.0.pom,
androidx.navigationevent,navigationevent-android,1.0.0,"The Apache Software License, Version 2.0",http://www.apache.org/licenses/LICENSE-2.0.txt,offline resolved releaseRuntimeClasspath; exact-version publisher POM https://dl.google.com/dl/android/maven2/androidx/navigationevent/navigationevent-android/1.0.0/navigationevent-android-1.0.0.pom,
androidx.profileinstaller,profileinstaller,1.4.0,"The Apache Software License, Version 2.0",http://www.apache.org/licenses/LICENSE-2.0.txt,offline resolved releaseRuntimeClasspath; exact-version publisher POM https://dl.google.com/dl/android/maven2/androidx/profileinstaller/profileinstaller/1.4.0/profileinstaller-1.4.0.pom,
androidx.savedstate,savedstate,1.2.1,"The Apache Software License, Version 2.0",http://www.apache.org/licenses/LICENSE-2.0.txt,offline resolved releaseRuntimeClasspath; exact-version publisher POM https://dl.google.com/dl/android/maven2/androidx/savedstate/savedstate/1.2.1/savedstate-1.2.1.pom,
androidx.startup,startup-runtime,1.1.1,"The Apache Software License, Version 2.0",http://www.apache.org/licenses/LICENSE-2.0.txt,offline resolved releaseRuntimeClasspath; exact-version publisher POM https://dl.google.com/dl/android/maven2/androidx/startup/startup-runtime/1.1.1/startup-runtime-1.1.1.pom,
androidx.tracing,tracing,1.2.0,"The Apache Software License, Version 2.0",http://www.apache.org/licenses/LICENSE-2.0.txt,offline resolved releaseRuntimeClasspath; exact-version publisher POM https://dl.google.com/dl/android/maven2/androidx/tracing/tracing/1.2.0/tracing-1.2.0.pom,
androidx.versionedparcelable,versionedparcelable,1.1.1,"The Apache Software License, Version 2.0",http://www.apache.org/licenses/LICENSE-2.0.txt,offline resolved releaseRuntimeClasspath; exact-version publisher POM https://dl.google.com/dl/android/maven2/androidx/versionedparcelable/versionedparcelable/1.1.1/versionedparcelable-1.1.1.pom,
androidx.webkit,webkit,1.17.1,"The Apache Software License, Version 2.0",http://www.apache.org/licenses/LICENSE-2.0.txt,offline resolved releaseRuntimeClasspath and exact cached POM,
com.google.guava,listenablefuture,1.0,"The Apache Software License, Version 2.0",http://www.apache.org/licenses/LICENSE-2.0.txt,offline resolved releaseRuntimeClasspath; exact-version publisher POM https://repo.maven.apache.org/maven2/com/google/guava/listenablefuture/1.0/listenablefuture-1.0.pom; inherited licence from declared parent POM https://repo.maven.apache.org/maven2/com/google/guava/guava-parent/26.0-android/guava-parent-26.0-android.pom,
org.jetbrains,annotations,23.0.0,"The Apache Software License, Version 2.0",https://www.apache.org/licenses/LICENSE-2.0.txt,offline resolved releaseRuntimeClasspath; exact-version publisher POM https://repo.maven.apache.org/maven2/org/jetbrains/annotations/23.0.0/annotations-23.0.0.pom,
org.jetbrains.kotlin,kotlin-stdlib,2.2.10,"The Apache License, Version 2.0",http://www.apache.org/licenses/LICENSE-2.0.txt,offline resolved releaseRuntimeClasspath and exact cached POM,
org.jetbrains.kotlinx,kotlinx-coroutines-android,1.9.0,"The Apache Software License, Version 2.0",https://www.apache.org/licenses/LICENSE-2.0.txt,offline resolved releaseRuntimeClasspath; exact-version publisher POM https://repo.maven.apache.org/maven2/org/jetbrains/kotlinx/kotlinx-coroutines-android/1.9.0/kotlinx-coroutines-android-1.9.0.pom,
org.jetbrains.kotlinx,kotlinx-coroutines-bom,1.9.0,"The Apache Software License, Version 2.0",https://www.apache.org/licenses/LICENSE-2.0.txt,offline resolved releaseRuntimeClasspath; exact-version publisher POM https://repo.maven.apache.org/maven2/org/jetbrains/kotlinx/kotlinx-coroutines-bom/1.9.0/kotlinx-coroutines-bom-1.9.0.pom,
org.jetbrains.kotlinx,kotlinx-coroutines-core,1.9.0,"The Apache Software License, Version 2.0",https://www.apache.org/licenses/LICENSE-2.0.txt,offline resolved releaseRuntimeClasspath; exact-version publisher POM https://repo.maven.apache.org/maven2/org/jetbrains/kotlinx/kotlinx-coroutines-core/1.9.0/kotlinx-coroutines-core-1.9.0.pom,
org.jetbrains.kotlinx,kotlinx-coroutines-core-jvm,1.9.0,"The Apache Software License, Version 2.0",https://www.apache.org/licenses/LICENSE-2.0.txt,offline resolved releaseRuntimeClasspath; exact-version publisher POM https://repo.maven.apache.org/maven2/org/jetbrains/kotlinx/kotlinx-coroutines-core-jvm/1.9.0/kotlinx-coroutines-core-jvm-1.9.0.pom,
org.jspecify,jspecify,1.0.0,"The Apache License, Version 2.0",http://www.apache.org/licenses/LICENSE-2.0.txt,offline resolved releaseRuntimeClasspath; exact-version publisher POM https://repo.maven.apache.org/maven2/org/jspecify/jspecify/1.0.0/jspecify-1.0.0.pom,
