container,path,sha256,scope
libsqlite3-sys@0.37.0,LICENSE,c10c1f27337546471e5f7e4e97fdd398b35b9d4e126115dcd22de8d8e65abf6f,native sources embedded in exact-version cached crate
libsqlite3-sys@0.37.0,sqlcipher/LICENSE,ea4fcb309f14a22065e1ea45362d494d320012249ed865fe9c7c0946db754131,native sources embedded in exact-version cached crate
libwebp-sys@0.9.6,vendor/COPYING,5aec868f669e384a22372a4e8a1a6cd7d44c64cd451f960ca69cc170d1e13acf,native sources embedded in exact-version cached crate
ort-sys@2.0.0-rc.12,LICENSE-APACHE,cfc7749b96f63bd31c3c42b5c471bf756814053e847c10f3eb003417bc523d30,native sources embedded in exact-version cached crate
ort-sys@2.0.0-rc.12,LICENSE-MIT,6bba08de46289c40986a2e6b310e2da61fcea33b3c112c8320f6093f8f9cb71b,native sources embedded in exact-version cached crate
ring@0.17.14,LICENSE,b3d734001a94efff3579978d953391aa7115f877657d25eb54037a43875d078a,native sources embedded in exact-version cached crate
ring@0.17.14,LICENSE-BoringSSL,005fc765ddc5115da796cca915baa9557abae13ff35e0a47c47affc56f6c414d,native sources embedded in exact-version cached crate
ring@0.17.14,LICENSE-other-bits,f025ccfb7dfb6bdfedc75ca0f67acc69e6fb4998143d834f7c2f38a29989680f,native sources embedded in exact-version cached crate
ring@0.17.14,src/polyfill/once_cell/LICENSE-APACHE,a60eea817514531668d7e00765731449fe14d059d3249e0bc93b36de45f759f2,native sources embedded in exact-version cached crate
ring@0.17.14,src/polyfill/once_cell/LICENSE-MIT,6ee2ed6c77710de911761acd5fc1ad1da00f476beb1a7ef27e78c2d1858deafc,native sources embedded in exact-version cached crate
ring@0.17.14,third_party/fiat/LICENSE,9eacbcb81be660840c714a560a9d65ba07913db98dd4baf969f78dd499fdd60f,native sources embedded in exact-version cached crate
whisper-rs-sys@0.15.0,whisper.cpp/LICENSE,e562a2ddfaf8280537795ac5ecd34e3012b6582a147ef69ba6a6a5c08c84757d,native sources embedded in exact-version cached crate
next@16.3.3,license.md,ee765244e2d59f5234d474f62e0766fa0c8b99af967fdd4c0cb8dcb0c76ea224,nested legal files in installed npm package; version may differ from lock
next@16.3.3,dist/compiled/acorn/LICENSE,76a876cf886ff9be2a8b5e2e86514fed06223c8c9f0c1e9ee9606e93841e00b7,nested legal files in installed npm package; version may differ from lock
next@16.3.3,dist/compiled/anser/LICENSE,6d2abc90a426cf65bbf84f7cedf9487f7ff86a3daf0e130b335a45c112f040d0,nested legal files in installed npm package; version may differ from lock
next@16.3.3,dist/compiled/assert/LICENSE,6239c6144c31e58cf925c34483606969c555574d64ffa96518ab5d7f45c75d43,nested legal files in installed npm package; version may differ from lock
next@16.3.3,dist/compiled/async-retry/LICENSE,8cec82f7beeab8459fa6165c973f5cd6f89aceea7a07de0aa8fc30a9dd339a05,nested legal files in installed npm package; version may differ from lock
next@16.3.3,dist/compiled/async-sema/LICENSE,291ff3e2bd22891edef553930da53ba64adf79d83f0bd1c5b7f6fe9727526b37,nested legal files in installed npm package; version may differ from lock
next@16.3.3,dist/compiled/babel/LICENSE,117da2af0d4ce0fe1c8e19b5cff9dcd806adf973d328d27b11d4448c4ff24f76,nested legal files in installed npm package; version may differ from lock
next@16.3.3,dist/compiled/browserify-zlib/LICENSE,ddd770379e07bf0574dfaa4485be80a23b3248b36d09f33ec79276c09b829daf,nested legal files in installed npm package; version may differ from lock
next@16.3.3,dist/compiled/browserslist/LICENSE,f25bf9bf3ae8984bcd43bf7fb8f78e7eec8d577081fb8d0989cfa7c67ecebb8e,nested legal files in installed npm package; version may differ from lock
next@16.3.3,dist/compiled/buffer/LICENSE,06bafa45fdad2579ba0e43b0c9b2c6290287c99c4203c300254a462b38a307f6,nested legal files in installed npm package; version may differ from lock
next@16.3.3,dist/compiled/busboy/LICENSE,d06b5d27bbbbe22c36b1fd88406b1208876e2d37d795f5b8eaed951a459a3111,nested legal files in installed npm package; version may differ from lock
next@16.3.3,dist/compiled/bytes/LICENSE,e3b44af066615de2ea48d18d852d0762f18c0b2efcea714fa48a6f729d405b85,nested legal files in installed npm package; version may differ from lock
next@16.3.3,dist/compiled/ci-info/LICENSE,25bd22427e27b0d3f1c3da2670bb44b622bcced22ebdf4777d5488ac129370a1,nested legal files in installed npm package; version may differ from lock
next@16.3.3,dist/compiled/cli-select/LICENSE,a8e260b5b60eb27746ff2c5967489e6878c5a6ba99400cbec84c89a9b49a46ca,nested legal files in installed npm package; version may differ from lock
next@16.3.3,dist/compiled/commander/LICENSE,04512a63dce4d2d506ad612dc0bd7681ccf6e3655f7b6eaef7dfac8323d1ec0b,nested legal files in installed npm package; version may differ from lock
next@16.3.3,dist/compiled/comment-json/LICENSE,9dbd86998d3cdafc1d8c298aea636146568d05d429b81386e60cfce11e6cedb6,nested legal files in installed npm package; version may differ from lock
next@16.3.3,dist/compiled/compression/LICENSE,23d466b1b134b415b66fa50c6526b4cf3e7b9258554da88d3abb371721e7ce68,nested legal files in installed npm package; version may differ from lock
next@16.3.3,dist/compiled/conf/LICENSE,48da2f39e100d4085767e94966b43f4fa95ff6a0698fba57ed460914e35f94a0,nested legal files in installed npm package; version may differ from lock
next@16.3.3,dist/compiled/content-disposition/LICENSE,bd47ce7b88c7759630d1e2b9fcfa170a0f1fde522be09e13fb1581a79d090400,nested legal files in installed npm package; version may differ from lock
next@16.3.3,dist/compiled/content-type/LICENSE,257aed98914108e91a337912727b6a802eef218248507f74b76faffaff517a38,nested legal files in installed npm package; version may differ from lock
next@16.3.3,dist/compiled/cookie/LICENSE,c02110eedc16c7114f1a9bdc026c65626ce1d9c7e27fd51a8e0feee8a48a6858,nested legal files in installed npm package; version may differ from lock
next@16.3.3,dist/compiled/cross-spawn/LICENSE,aaa78451b6fecd1b9c4594c796c133c0e90cad100372ff8bc6de615e9ef9adf1,nested legal files in installed npm package; version may differ from lock
next@16.3.3,dist/compiled/crypto-browserify/LICENSE,6134c69bc22c8289252e70de3af20bd67071233459055be74d83acfcc4865e7e,nested legal files in installed npm package; version may differ from lock
next@16.3.3,dist/compiled/debug/LICENSE,98c970de440dcfc77471610aec2377c9d9b0db2b3be6d1add524a586e1d7f422,nested legal files in installed npm package; version may differ from lock
next@16.3.3,dist/compiled/devalue/LICENSE,e399db7e952e45cae84f1b53d72ba8dbad2daaa7ab8cd1f0ab72fea5ab73b225,nested legal files in installed npm package; version may differ from lock
next@16.3.3,dist/compiled/domain-browser/LICENSE,fc06db8dd5e7840db84ab328d9f58bdb91a56fbbf045bb977c11fcd07e2d8e3e,nested legal files in installed npm package; version may differ from lock
next@16.3.3,dist/compiled/edge-runtime/LICENSE,e4f76a7a19ef2989dd79339bd3abf8afcf1d6f065e5a10c76c19415ffd727eb3,nested legal files in installed npm package; version may differ from lock
next@16.3.3,dist/compiled/events/LICENSE,631987b7616a325a5b97566c232418481ddf7dbb5ecadefb991e791876cc2599,nested legal files in installed npm package; version may differ from lock
next@16.3.3,dist/compiled/find-up/LICENSE,48da2f39e100d4085767e94966b43f4fa95ff6a0698fba57ed460914e35f94a0,nested legal files in installed npm package; version may differ from lock
next@16.3.3,dist/compiled/fresh/LICENSE,a0ec0dab16b3666f24950f86d257930ac2ad475557b4bfe245620e0817d8a45d,nested legal files in installed npm package; version may differ from lock
next@16.3.3,dist/compiled/glob/LICENSE,6236fa0b88a4a0cce3dda0367979491b2052b3c8d6b1c10b3668de083e86a7f0,nested legal files in installed npm package; version may differ from lock
next@16.3.3,dist/compiled/gzip-size/LICENSE,48da2f39e100d4085767e94966b43f4fa95ff6a0698fba57ed460914e35f94a0,nested legal files in installed npm package; version may differ from lock
next@16.3.3,dist/compiled/https-browserify/LICENSE,ff151c00207c908581639851dd8504ce4255be0650b2b236edec2aa90342b0cd,nested legal files in installed npm package; version may differ from lock
next@16.3.3,dist/compiled/httpxy/LICENSE,4249bd020d1b5c503d20a196c1b686b3bdebcd1c7ac06909c546d9624c64f79b,nested legal files in installed npm package; version may differ from lock
next@16.3.3,dist/compiled/icss-utils/LICENSE,b2b54c738525e98cc42d4a1c239c9d8421507816acce98950e81d0943daae68e,nested legal files in installed npm package; version may differ from lock
next@16.3.3,dist/compiled/ignore-loader/LICENSE,62ba766e9b50f9b175b0229f4ea03e93730c9180408acec50dd617e9ae1fa059,nested legal files in installed npm package; version may differ from lock
next@16.3.3,dist/compiled/image-size/LICENSE,3109783dad7527b490aabc49c3cb148573c19b41b843e70cf9388a93f3d7fccd,nested legal files in installed npm package; version may differ from lock
next@16.3.3,dist/compiled/ipaddr.js/LICENSE,62568a2d1337b77171ecca9db10579163446de1ba6151678e81f06cdc199971b,nested legal files in installed npm package; version may differ from lock
next@16.3.3,dist/compiled/is-animated/LICENSE,e08c030e1274fadc495c71e0489612f0c74673b69ae8e41460526c233a94a728,nested legal files in installed npm package; version may differ from lock
next@16.3.3,dist/compiled/is-docker/LICENSE,48da2f39e100d4085767e94966b43f4fa95ff6a0698fba57ed460914e35f94a0,nested legal files in installed npm package; version may differ from lock
next@16.3.3,dist/compiled/is-wsl/LICENSE,48da2f39e100d4085767e94966b43f4fa95ff6a0698fba57ed460914e35f94a0,nested legal files in installed npm package; version may differ from lock
next@16.3.3,dist/compiled/jest-worker/LICENSE,52412d7bc7ce4157ea628bbaacb8829e0a9cb3c58f57f99176126bc8cf2bfc85,nested legal files in installed npm package; version may differ from lock
next@16.3.3,dist/compiled/json5/LICENSE,53e59feb13058722d977c699eb0407c7bce2f93c949b681bbd2ff31698535927,nested legal files in installed npm package; version may differ from lock
next@16.3.3,dist/compiled/jsonwebtoken/LICENSE,2144eb6894cb440fde6b2b3aaae3b617c8f1dc9bb19813079dcf62ec6c517042,nested legal files in installed npm package; version may differ from lock
next@16.3.3,dist/compiled/loader-runner/LICENSE,498d39c83164cf8de195090f5564fc0308ab271344ca2f95484a7f1020952d00,nested legal files in installed npm package; version may differ from lock
next@16.3.3,dist/compiled/loader-utils2/LICENSE,9068a8782d2fb4c6e432cfa25334efa56f722822180570802bf86e71b6003b1e,nested legal files in installed npm package; version may differ from lock
next@16.3.3,dist/compiled/loader-utils3/LICENSE,9068a8782d2fb4c6e432cfa25334efa56f722822180570802bf86e71b6003b1e,nested legal files in installed npm package; version may differ from lock
next@16.3.3,dist/compiled/lodash.curry/LICENSE,ffd8b33b354585f4ce119f19c53728281e48a97b074491eb6bf6d5c5ff305272,nested legal files in installed npm package; version may differ from lock
next@16.3.3,dist/compiled/lru-cache/LICENSE,451ec07eeb9c4e1b86de9abdaa426462a8be48f887ec7421cf0bbb9c769555ab,nested legal files in installed npm package; version may differ from lock
next@16.3.3,dist/compiled/mini-css-extract-plugin/LICENSE,9068a8782d2fb4c6e432cfa25334efa56f722822180570802bf86e71b6003b1e,nested legal files in installed npm package; version may differ from lock
next@16.3.3,dist/compiled/nanoid/LICENSE,da4db1480d9beea3483a2eda5c53b22238d0827d57da162b48f122e04d2d9987,nested legal files in installed npm package; version may differ from lock
next@16.3.3,dist/compiled/native-url/LICENSE,cfc7749b96f63bd31c3c42b5c471bf756814053e847c10f3eb003417bc523d30,nested legal files in installed npm package; version may differ from lock
next@16.3.3,dist/compiled/neo-async/LICENSE,811238ba7d85f6fe6b820703a32f92705bcf77bc352ddc3476783491c64a129a,nested legal files in installed npm package; version may differ from lock
next@16.3.3,dist/compiled/node-html-parser/LICENSE,ea75e9321945b7f0bc4644da1e404ad76ce55e9bc05cae3b2f5f2d973aede83b,nested legal files in installed npm package; version may differ from lock
next@16.3.3,dist/compiled/ora/LICENSE,5c932d88256b4ab958f64a856fa48e8bd1f55bc1d96b8149c65689e0c61789d3,nested legal files in installed npm package; version may differ from lock
next@16.3.3,dist/compiled/os-browserify/LICENSE,d25d1d6d28c35cb6f358e2833e405c4e53fec2fa24d156323ddea5cd438d3407,nested legal files in installed npm package; version may differ from lock
next@16.3.3,dist/compiled/p-limit/LICENSE,5c932d88256b4ab958f64a856fa48e8bd1f55bc1d96b8149c65689e0c61789d3,nested legal files in installed npm package; version may differ from lock
next@16.3.3,dist/compiled/p-queue/LICENSE,5c932d88256b4ab958f64a856fa48e8bd1f55bc1d96b8149c65689e0c61789d3,nested legal files in installed npm package; version may differ from lock
next@16.3.3,dist/compiled/path-browserify/LICENSE,a22b9d5763f574e5db347c30acc0b33eaf4846767c03d2e27d012e864e79a824,nested legal files in installed npm package; version may differ from lock
next@16.3.3,dist/compiled/path-to-regexp/LICENSE,4eeb3271453a891df609e5a9f4ee79a68307f730c13417a3bfeffa604ac8cf25,nested legal files in installed npm package; version may differ from lock
next@16.3.3,dist/compiled/picomatch/LICENSE,d0cd141b0c322fded5dfad1d4645bb2fedfc05b7321fe1009469638190d59ef9,nested legal files in installed npm package; version may differ from lock
next@16.3.3,dist/compiled/postcss-flexbugs-fixes/LICENSE,f26c92c1c16e78c6b1f7474792f7195b7abc851caccb4a73dcc5b3c31efc7321,nested legal files in installed npm package; version may differ from lock
next@16.3.3,dist/compiled/postcss-modules-extract-imports/LICENSE,9e534cfb7f7ae1300e16fe1ee7d203fdfe707dc932429c37246f747c3699ee14,nested legal files in installed npm package; version may differ from lock
next@16.3.3,dist/compiled/postcss-modules-local-by-default/LICENSE,dd40f37957ddcb6a6157f40b677d6f43697583f956144fbce25443e35630453e,nested legal files in installed npm package; version may differ from lock
next@16.3.3,dist/compiled/postcss-modules-scope/LICENSE,7774c8c4a3f750b294b416818062201a404fc2d6c8756d8b89a1688e24b5d5a7,nested legal files in installed npm package; version may differ from lock
next@16.3.3,dist/compiled/postcss-modules-values/LICENSE,655287aefbf8e292057318c385d77767b1dd9819c87709fd26730b7090efe4d9,nested legal files in installed npm package; version may differ from lock
next@16.3.3,dist/compiled/postcss-preset-env/LICENSE,597756adcb51f243ef4fb386920377f61d012ace0904364e1a8ee9aaec6afc84,nested legal files in installed npm package; version may differ from lock
next@16.3.3,dist/compiled/postcss-safe-parser/LICENSE,c4630ac8b89cb317ac5bdd60ac5e4e185eab9bd5151a0c7b3afa41aa83d7ec9b,nested legal files in installed npm package; version may differ from lock
next@16.3.3,dist/compiled/postcss-scss/LICENSE,c4630ac8b89cb317ac5bdd60ac5e4e185eab9bd5151a0c7b3afa41aa83d7ec9b,nested legal files in installed npm package; version may differ from lock
next@16.3.3,dist/compiled/postcss-value-parser/LICENSE,3687447039151857a6ba378db062172c7f33d4aa70a615c87a43a9c50e990485,nested legal files in installed npm package; version may differ from lock
next@16.3.3,dist/compiled/process/LICENSE,59a400d04c5078579acc27ddd6452c1bdf763f9506e01364700935fbb1a7c91b,nested legal files in installed npm package; version may differ from lock
next@16.3.3,dist/compiled/querystring-es3/LICENSE,cb72d9714ddc21e758d63f423be0caddf909d23ccbb10a2f5201a870818e4f57,nested legal files in installed npm package; version may differ from lock
next@16.3.3,dist/compiled/raw-body/LICENSE,c8e6bca7230689d536a3bd7158f66e9c4f89f95d0748743a0370ac229e9023ad,nested legal files in installed npm package; version may differ from lock
next@16.3.3,dist/compiled/react/LICENSE,da6d3703ed11cbe42bd212c725957c98da23cbff1998c05fa4b3d976d1a58e93,nested legal files in installed npm package; version may differ from lock
next@16.3.3,dist/compiled/react-dom/LICENSE,da6d3703ed11cbe42bd212c725957c98da23cbff1998c05fa4b3d976d1a58e93,nested legal files in installed npm package; version may differ from lock
next@16.3.3,dist/compiled/react-dom-experimental/LICENSE,da6d3703ed11cbe42bd212c725957c98da23cbff1998c05fa4b3d976d1a58e93,nested legal files in installed npm package; version may differ from lock
next@16.3.3,dist/compiled/react-experimental/LICENSE,da6d3703ed11cbe42bd212c725957c98da23cbff1998c05fa4b3d976d1a58e93,nested legal files in installed npm package; version may differ from lock
next@16.3.3,dist/compiled/react-is/LICENSE,da6d3703ed11cbe42bd212c725957c98da23cbff1998c05fa4b3d976d1a58e93,nested legal files in installed npm package; version may differ from lock
next@16.3.3,dist/compiled/react-refresh/LICENSE,52412d7bc7ce4157ea628bbaacb8829e0a9cb3c58f57f99176126bc8cf2bfc85,nested legal files in installed npm package; version may differ from lock
next@16.3.3,dist/compiled/react-server-dom-turbopack/LICENSE,da6d3703ed11cbe42bd212c725957c98da23cbff1998c05fa4b3d976d1a58e93,nested legal files in installed npm package; version may differ from lock
next@16.3.3,dist/compiled/react-server-dom-turbopack-experimental/LICENSE,da6d3703ed11cbe42bd212c725957c98da23cbff1998c05fa4b3d976d1a58e93,nested legal files in installed npm package; version may differ from lock
next@16.3.3,dist/compiled/react-server-dom-webpack/LICENSE,da6d3703ed11cbe42bd212c725957c98da23cbff1998c05fa4b3d976d1a58e93,nested legal files in installed npm package; version may differ from lock
next@16.3.3,dist/compiled/react-server-dom-webpack-experimental/LICENSE,da6d3703ed11cbe42bd212c725957c98da23cbff1998c05fa4b3d976d1a58e93,nested legal files in installed npm package; version may differ from lock
next@16.3.3,dist/compiled/regenerator-runtime/LICENSE,51887a3d47051ac2fce1210562e5b9fe0830a8a8fabeb272c2d586eeb18a05fd,nested legal files in installed npm package; version may differ from lock
next@16.3.3,dist/compiled/safe-stable-stringify/LICENSE,3a6d6de49d284a36c5d271ef0e62eca1838cc460dd7630e3f2c347c8f5b2232a,nested legal files in installed npm package; version may differ from lock
next@16.3.3,dist/compiled/sass-loader/LICENSE,2af12ca8b612a22e6659ae68e0e59ee7ac792718c45524a989b512c49c5f5879,nested legal files in installed npm package; version may differ from lock
next@16.3.3,dist/compiled/scheduler/LICENSE,da6d3703ed11cbe42bd212c725957c98da23cbff1998c05fa4b3d976d1a58e93,nested legal files in installed npm package; version may differ from lock
next@16.3.3,dist/compiled/scheduler-experimental/LICENSE,da6d3703ed11cbe42bd212c725957c98da23cbff1998c05fa4b3d976d1a58e93,nested legal files in installed npm package; version may differ from lock
next@16.3.3,dist/compiled/schema-utils2/LICENSE,9068a8782d2fb4c6e432cfa25334efa56f722822180570802bf86e71b6003b1e,nested legal files in installed npm package; version may differ from lock
next@16.3.3,dist/compiled/schema-utils3/LICENSE,9068a8782d2fb4c6e432cfa25334efa56f722822180570802bf86e71b6003b1e,nested legal files in installed npm package; version may differ from lock
next@16.3.3,dist/compiled/semver/LICENSE,4ec3d4c66cd87f5c8d8ad911b10f99bf27cb00cdfcff82621956e379186b016b,nested legal files in installed npm package; version may differ from lock
next@16.3.3,dist/compiled/send/LICENSE,25a328069fe771f8ed5b6f983ed4b0e6c84b3312ac0f69b28c3d52dc277962c9,nested legal files in installed npm package; version may differ from lock
next@16.3.3,dist/compiled/serve-handler/LICENSE,be8ba42db3b7c3dbb064bcdc1bbbb191c0a39c8851c2a53564e97c7eea301bca,nested legal files in installed npm package; version may differ from lock
next@16.3.3,dist/compiled/shell-quote/LICENSE,8bb16db1b047019e4395965f2cf3611b06c34bf86dc2d0210b3c3f91b53c21fe,nested legal files in installed npm package; version may differ from lock
next@16.3.3,dist/compiled/source-map/LICENSE,6cb0631f71c7749763fd3dd1d5bee52dd1070ec17f2edc1710079ad070bd2fbd,nested legal files in installed npm package; version may differ from lock
next@16.3.3,dist/compiled/source-map08/LICENSE,6cb0631f71c7749763fd3dd1d5bee52dd1070ec17f2edc1710079ad070bd2fbd,nested legal files in installed npm package; version may differ from lock
next@16.3.3,dist/compiled/stacktrace-parser/LICENSE,e1898814043cb5500483d9c8517edda824b352f696d35e5043fcfb537c221531,nested legal files in installed npm package; version may differ from lock
next@16.3.3,dist/compiled/stream-browserify/LICENSE,96e5193183476a03da6667d217ce14110191d26ee105338086e94339edf40d5a,nested legal files in installed npm package; version may differ from lock
next@16.3.3,dist/compiled/stream-http/LICENSE,a0e6357a5e8ea65827addeb383e0948a1874d2f46bc7feaf6349b7a376ed6e98,nested legal files in installed npm package; version may differ from lock
next@16.3.3,dist/compiled/string_decoder/LICENSE,11f2aafb37d06b3ee5bdaf06e9811141d0da05263c316f3d627f45c20d43261b,nested legal files in installed npm package; version may differ from lock
next@16.3.3,dist/compiled/strip-ansi/LICENSE,48da2f39e100d4085767e94966b43f4fa95ff6a0698fba57ed460914e35f94a0,nested legal files in installed npm package; version may differ from lock
next@16.3.3,dist/compiled/superstruct/LICENSE,0f644bc01d85e4b1958bdfe5a851704bd886404c78188d4d6fba43dc8293bc91,nested legal files in installed npm package; version may differ from lock
next@16.3.3,dist/compiled/tar/LICENSE,8a1af140fdfbf5afd3df27f7e662f989c5b963a300020dfafce42033cae9e004,nested legal files in installed npm package; version may differ from lock
next@16.3.3,dist/compiled/terser/LICENSE,901d0a7fcaccaae9917d165039c0473c354e5da2e0e94140dde67aad9ffb19da,nested legal files in installed npm package; version may differ from lock
next@16.3.3,dist/compiled/text-table/LICENSE,435a6722c786b0a56fbe7387028f1d9d3f3a2d0fb615bb8fee118727c3f59b7b,nested legal files in installed npm package; version may differ from lock
next@16.3.3,dist/compiled/timers-browserify/LICENSE,d5f14c3258420dfe5a3b641a143d6e6dd90eabb5962244d937e25699c3a45ec9,nested legal files in installed npm package; version may differ from lock
next@16.3.3,dist/compiled/tty-browserify/LICENSE,435a6722c786b0a56fbe7387028f1d9d3f3a2d0fb615bb8fee118727c3f59b7b,nested legal files in installed npm package; version may differ from lock
next@16.3.3,dist/compiled/ua-parser-js/LICENSE,fb9548e36708f09ae0cc1047ebd8153928bfe5bed67e4051f0ace552bdcbf0b3,nested legal files in installed npm package; version may differ from lock
next@16.3.3,dist/compiled/util/LICENSE,6239c6144c31e58cf925c34483606969c555574d64ffa96518ab5d7f45c75d43,nested legal files in installed npm package; version may differ from lock
next@16.3.3,dist/compiled/vm-browserify/LICENSE,3a62887f73cd035ac1068bc0127ce94291f7a03843391f56df3520e2ca2037f8,nested legal files in installed npm package; version may differ from lock
next@16.3.3,dist/compiled/watchpack/LICENSE,9068a8782d2fb4c6e432cfa25334efa56f722822180570802bf86e71b6003b1e,nested legal files in installed npm package; version may differ from lock
next@16.3.3,dist/compiled/web-vitals/LICENSE,bfdeded4040e05da31ca9b6239dc83bd23fa26ac8db87342a7ca4363f68916ff,nested legal files in installed npm package; version may differ from lock
next@16.3.3,dist/compiled/web-vitals-attribution/LICENSE,bfdeded4040e05da31ca9b6239dc83bd23fa26ac8db87342a7ca4363f68916ff,nested legal files in installed npm package; version may differ from lock
next@16.3.3,dist/compiled/webpack/LICENSE,9068a8782d2fb4c6e432cfa25334efa56f722822180570802bf86e71b6003b1e,nested legal files in installed npm package; version may differ from lock
next@16.3.3,dist/compiled/webpack-sources1/LICENSE,214d0ac13edb475ec426df1979d96fd46b443debc466c0fb592e32152ae5a940,nested legal files in installed npm package; version may differ from lock
next@16.3.3,dist/compiled/webpack-sources3/LICENSE,214d0ac13edb475ec426df1979d96fd46b443debc466c0fb592e32152ae5a940,nested legal files in installed npm package; version may differ from lock
next@16.3.3,dist/compiled/write-file-atomic/LICENSE,ea7f376fe7a1fc28572b83ac8f806d92effb31852b9981bc9ba9d5266caa6b28,nested legal files in installed npm package; version may differ from lock
next@16.3.3,dist/compiled/ws/LICENSE,dcd0a622a3a2c94fe3aa6238b76363f87df442afe788cbad966afe943ed62281,nested legal files in installed npm package; version may differ from lock
next@16.3.3,dist/compiled/zod/LICENSE,3f1189b28e3866e0d979968d466b78f813f76827cfdca1fbb124cc0a5c8841f8,nested legal files in installed npm package; version may differ from lock
next@16.3.3,dist/compiled/zod-validation-error/LICENSE,03cc9a630489a2544b799548a0e8b134f382fe09fa06dc22b339091b28b8f4a8,nested legal files in installed npm package; version may differ from lock
next@16.3.3,dist/compiled/@babel/runtime/LICENSE,117da2af0d4ce0fe1c8e19b5cff9dcd806adf973d328d27b11d4448c4ff24f76,nested legal files in installed npm package; version may differ from lock
next@16.3.3,dist/compiled/@hapi/accept/LICENSE,ff96bbd6a7408c166f16dbed7f2c87a8061e5a21289ec8f2d3069f8d3b15fc0a,nested legal files in installed npm package; version may differ from lock
next@16.3.3,dist/compiled/@mswjs/interceptors/ClientRequest/LICENSE,bb3a5cb8fb224f632970e31425348f556f7a83b165d5384ea5e142575f5c412e,nested legal files in installed npm package; version may differ from lock
next@16.3.3,dist/compiled/@napi-rs/triples/LICENSE,7b34e99bc43641767fded49f7f03563ffd50c689b1f3b0d50700b4727bc4ae24,nested legal files in installed npm package; version may differ from lock
next@16.3.3,dist/compiled/@opentelemetry/api/LICENSE,c71d239df91726fc519c6eb72d318ec65820627232b2f796219e87dcf35d0ab4,nested legal files in installed npm package; version may differ from lock
next@16.3.3,dist/compiled/@vercel/blob/LICENSE,2b6fc3f4a995e6ad29f4e2ed8881a32979058b8d6557efaa6d86b7e985849f40,nested legal files in installed npm package; version may differ from lock
next@16.3.3,dist/compiled/@vercel/detect-agent/LICENSE,b070d77bfb2c52a1dd6996de0ce5f64c49a0ca55c889b163a963ddf5cb001ee2,nested legal files in installed npm package; version may differ from lock
next@16.3.3,dist/compiled/@vercel/nft/LICENSE,0b31f3a6ab66b272b7de451df39835f310a309a06b1a8aafb3a2fdab20adc166,nested legal files in installed npm package; version may differ from lock
next@16.3.3,dist/compiled/@vercel/og/LICENSE,1f256ecad192880510e84ad60474eab7589218784b9a50bc7ceee34c2b91f1d5,nested legal files in installed npm package; version may differ from lock
next@16.3.3,dist/compiled/@vercel/routing-utils/LICENSE,b070d77bfb2c52a1dd6996de0ce5f64c49a0ca55c889b163a963ddf5cb001ee2,nested legal files in installed npm package; version may differ from lock
next@16.3.3,dist/compiled/@vercel/og/satori/LICENSE,1f256ecad192880510e84ad60474eab7589218784b9a50bc7ceee34c2b91f1d5,nested legal files in installed npm package; version may differ from lock
playwright-core@1.60.0,LICENSE,45873d00a0dd243596deb4aa23b2493b3d1f0671921bf2538ea431d7380220eb,nested legal files in installed npm package; version may differ from lock
playwright-core@1.60.0,NOTICE,6d602191187b35b9b01d2cffa01c8469c2c8d9de8a96f1bf868e0f264f51c81d,nested legal files in installed npm package; version may differ from lock
mermaid@11.16.1,LICENSE,ec9fb67dcb25eccc416ed56e1aab819222c805a2a4bfe4cb19e7556bf2ffde80,nested legal files in installed npm package; version may differ from lock
katex@0.16.47,LICENSE,766ccc1f306c885aa45542a9846bbd0a505b27a0374f146778171c2254ce18e3,nested legal files in installed npm package; version may differ from lock
katex@0.16.47,node_modules/commander/LICENSE,04512a63dce4d2d506ad612dc0bd7681ccf6e3655f7b6eaef7dfac8323d1ec0b,nested legal files in installed npm package; version may differ from lock
lucide-react@1.31.0,LICENSE,b495047bd93a9b06913511076f504daba17d5bbeb3e0650f3bb53a4220329c57,nested legal files in installed npm package; version may differ from lock
lucide-react@1.31.0,dist/esm/icons/copyright.mjs,da57e12b1eda4cc3f00e4e585740434d4b34b171931ce5381f27d391fd129ff7,nested legal files in installed npm package; version may differ from lock
lucide-react@1.31.0,dist/esm/icons/copyright.mjs.map,276fbb649bda6b64528dedc0db040efc6ec73a3a1881a737f850ffdcef114501,nested legal files in installed npm package; version may differ from lock
@img/sharp-win32-x64@0.35.4,LICENSE,dc1f5d2d43c5531dfe0acaf4e950ea5dbe3e61e1850cf0e983bda7efc10d6693,nested legal files in installed npm package; version may differ from lock
_rocm_sdk_core (observed AMD Windows runtime),share/doc/amd_comgr/LICENSE.txt,efa88a0f81075b46f0b5eed592d8c575a7014ba402b912da68926766464f9513,installed Python native libraries; separate from dist-info notices
_rocm_sdk_core (observed AMD Windows runtime),share/doc/hipcc/LICENSE.txt,c5ddc725875172db36c0c0fa733834993ce8cde98d7d2e32210be86e852af04c,installed Python native libraries; separate from dist-info notices
cv2 (observed AMD Windows runtime),LICENSE-3RD-PARTY.txt,55bf7d4a1de21d130a39ca38824eb61ba061edbf8449838634246bde30fde403,installed Python native libraries; separate from dist-info notices
cv2 (observed AMD Windows runtime),LICENSE.txt,edef0fac1eb08d29d34563f724742e078da2513e196133a12c6ad9ff01e26107,installed Python native libraries; separate from dist-info notices
