model,url,declared_digest,observed_digest,matches,requires_acceptance,packaged_legal_files,error
local:z-image-turbo,https://huggingface.co/Tongyi-MAI/Z-Image-Turbo/resolve/f332072aa78be7aecdf3ee76d5c247082da564a6/README.md,87af5e1d7933dbfe091c4048a20805541130690ee813b8039b7f396b47e64338,87af5e1d7933dbfe091c4048a20805541130690ee813b8039b7f396b47e64338,True,False,,
local:z-image,https://huggingface.co/Tongyi-MAI/Z-Image/resolve/04cc4abb7c5069926f75c9bfde9ef43d49423021/README.md,c81937fd3861492e5f343efd68eff5d1ed412f46ed8ac676a33044970d901ab7,c81937fd3861492e5f343efd68eff5d1ed412f46ed8ac676a33044970d901ab7,True,False,,
local:qwen-image,https://huggingface.co/Qwen/Qwen-Image/resolve/75e0b4be04f60ec59a75f475837eced720f823b6/LICENSE,832dd9e00a68dd83b3c3fb9f5588dad7dcf337a0db50f7d9483f310cd292e92e,832dd9e00a68dd83b3c3fb9f5588dad7dcf337a0db50f7d9483f310cd292e92e,True,False,LICENSE,
local:qwen-image-2512,https://huggingface.co/Qwen/Qwen-Image-2512/resolve/25468b98e3276ca6700de15c6628e51b7de54a26/README.md,db371596007403d9588e0d78d9798ecafa59bf7772fbdc12952e581b1562920b,db371596007403d9588e0d78d9798ecafa59bf7772fbdc12952e581b1562920b,True,False,,
local:qwen-image-edit-2511,https://huggingface.co/Qwen/Qwen-Image-Edit-2511/resolve/6f3ccc0b56e431dc6a0c2b2039706d7d26f22cb9/README.md,9724c194bef2a6d821090f0cd65774962e8f77e3acbfb2a7cbbdd58c92049902,9724c194bef2a6d821090f0cd65774962e8f77e3acbfb2a7cbbdd58c92049902,True,False,,
local:sana,https://huggingface.co/Efficient-Large-Model/Sana_1600M_1024px_diffusers/resolve/ac0da2ff55fbe434795be0dce883042e4d49e2fc/LICENSE,cfc7749b96f63bd31c3c42b5c471bf756814053e847c10f3eb003417bc523d30,cfc7749b96f63bd31c3c42b5c471bf756814053e847c10f3eb003417bc523d30,True,False,LICENSE,
local:sana-sprint,https://huggingface.co/Efficient-Large-Model/Sana_Sprint_1.6B_1024px_diffusers/resolve/19683c58b7ea290e55cedd8950ae1d86ada7ef96/LICENSE,cfc7749b96f63bd31c3c42b5c471bf756814053e847c10f3eb003417bc523d30,cfc7749b96f63bd31c3c42b5c471bf756814053e847c10f3eb003417bc523d30,True,False,LICENSE,
local:glm-image,https://huggingface.co/zai-org/GLM-Image/resolve/2c433cc0cbc293bde2ac8ca9624f279b5d23fcf4/README.md,fc5861c29cda8b542b0f258a55d9bb8b44d56e9592a021c74f4eeebf7a159ce0,fc5861c29cda8b542b0f258a55d9bb8b44d56e9592a021c74f4eeebf7a159ce0,True,False,,
local:flux-2-klein-base-4b,https://huggingface.co/black-forest-labs/FLUX.2-klein-base-4B/resolve/a3b4f4849157f664bdbc776fd7453c2783562f4d/LICENSE.md,ca02bc51900ab07789d1b70283329e7137f5af98f5161c23a1c81fc38a4af1fe,ca02bc51900ab07789d1b70283329e7137f5af98f5161c23a1c81fc38a4af1fe,True,False,LICENSE.md,
local:wan-2.2-t2v-a14b,https://huggingface.co/Wan-AI/Wan2.2-T2V-A14B-Diffusers/resolve/5be7df9619b54f4e2667b2755bc6a756675b5cd7/README.md,2c3ae49b1ff52d169d7fd11f7a99ad4819033d8678e38ad4c60c0bd0bac6ddb6,2c3ae49b1ff52d169d7fd11f7a99ad4819033d8678e38ad4c60c0bd0bac6ddb6,True,False,,
local:wan-2.2-i2v-a14b,https://huggingface.co/Wan-AI/Wan2.2-I2V-A14B-Diffusers/resolve/596658fd9ca6b7b71d5057529bbf319ecbc61d74/README.md,73072ac9184b853fbc100a2caf1ff07a5c93baa46f06751e8d480eb8e0d874f4,73072ac9184b853fbc100a2caf1ff07a5c93baa46f06751e8d480eb8e0d874f4,True,False,,
local:wan-2.1-t2v-1.3b,https://huggingface.co/Wan-AI/Wan2.1-T2V-1.3B-Diffusers/resolve/0fad780a534b6463e45facd96134c9f345acfa5b/README.md,816554be63d52aceaf640948c87ae0888887846ee2d2cdcc48231b3322089e37,816554be63d52aceaf640948c87ae0888887846ee2d2cdcc48231b3322089e37,True,False,,
local:hunyuan-video-1.5-t2v,https://huggingface.co/hunyuanvideo-community/HunyuanVideo-1.5-Diffusers-480p_t2v/resolve/286be7ce72277246578a3e3cc2487e95ddae5bcf/README.md,9f2df0ce144b68cfc0ebc8d1ddc59553668df6b991f8dbfd8a9671c7ec29400f,9f2df0ce144b68cfc0ebc8d1ddc59553668df6b991f8dbfd8a9671c7ec29400f,True,True,,
local:cogvideox-2b,https://huggingface.co/zai-org/CogVideoX-2b/resolve/1137dacfc2c9c012bed6a0793f4ecf2ca8e7ba01/LICENSE,4c3f6aeb71e12415a59117dfd35cfc177514424f0356c81798fde1a239d0b6a8,4c3f6aeb71e12415a59117dfd35cfc177514424f0356c81798fde1a239d0b6a8,True,False,LICENSE,
local:cogvideox-1.5-5b,https://huggingface.co/zai-org/CogVideoX1.5-5B/resolve/fdc5267c90b5c06492985b966e43aae984e189e0/LICENSE,f1702a540abe80caa3458a4eb539d8a138ffeab99d971d14a99083726814037e,f1702a540abe80caa3458a4eb539d8a138ffeab99d971d14a99083726814037e,True,True,LICENSE,
local:cogvideox-1.5-5b-i2v,https://huggingface.co/zai-org/CogVideoX1.5-5B-I2V/resolve/46c90528707aebbe69066390b4fe7e7d24c9c2a4/LICENSE,f1702a540abe80caa3458a4eb539d8a138ffeab99d971d14a99083726814037e,f1702a540abe80caa3458a4eb539d8a138ffeab99d971d14a99083726814037e,True,True,LICENSE,
local:mochi-1,https://huggingface.co/genmo/mochi-1-preview/resolve/14be5fcea23095ed330cb214647916a451e38b6e/README.md,1f98f31b65b34445be9383b805ec61707a062067f77e21c2cdbdf91a744ecce4,1f98f31b65b34445be9383b805ec61707a062067f77e21c2cdbdf91a744ecce4,True,False,,
local:helios,https://huggingface.co/BestWishYsh/Helios-Base/resolve/5c50b6bc90eae9bd815d2a50b0c9877e3fd2cf88/README.md,959c6925b12f18c6c1ab5d44a67d90713ef8064ae4c187f982106eaf432a60f1,959c6925b12f18c6c1ab5d44a67d90713ef8064ae4c187f982106eaf432a60f1,True,False,,
local:stable-video-diffusion,https://huggingface.co/stabilityai/stable-video-diffusion-img2vid-xt/resolve/9e43909513c6714f1bc78bcb44d96e733cd242aa/LICENSE.md,d6f6b1a4dce5c852bd6d7d9482d002baf0ccdb71e662250b73be9eec8764ee8d,d6f6b1a4dce5c852bd6d7d9482d002baf0ccdb71e662250b73be9eec8764ee8d,True,True,LICENSE.md,
local:audioldm2,https://huggingface.co/cvssp/audioldm2/resolve/c8e7e189d324425c05c4c2f81214041ef4107983/README.md,ea09e056e8ef02ee75eb86e8052bf3bd9b36417f2b7b3090f3b1595c1da64aed,ea09e056e8ef02ee75eb86e8052bf3bd9b36417f2b7b3090f3b1595c1da64aed,True,True,,
