id,repository,revision,declared_license,declared_spdx,declared_commercial_use,source
local:z-image-turbo,Tongyi-MAI/Z-Image-Turbo,f332072aa78be7aecdf3ee76d5c247082da564a6,Apache License 2.0,Apache-2.0,allowed,https://huggingface.co/Tongyi-MAI/Z-Image-Turbo/tree/f332072aa78be7aecdf3ee76d5c247082da564a6
local:z-image,Tongyi-MAI/Z-Image,04cc4abb7c5069926f75c9bfde9ef43d49423021,Apache License 2.0,Apache-2.0,allowed,https://huggingface.co/Tongyi-MAI/Z-Image/tree/04cc4abb7c5069926f75c9bfde9ef43d49423021
local:qwen-image,Qwen/Qwen-Image,75e0b4be04f60ec59a75f475837eced720f823b6,Apache License 2.0,Apache-2.0,allowed,https://huggingface.co/Qwen/Qwen-Image/tree/75e0b4be04f60ec59a75f475837eced720f823b6
local:qwen-image-2512,Qwen/Qwen-Image-2512,25468b98e3276ca6700de15c6628e51b7de54a26,Apache License 2.0,Apache-2.0,allowed,https://huggingface.co/Qwen/Qwen-Image-2512/tree/25468b98e3276ca6700de15c6628e51b7de54a26
local:qwen-image-edit-2511,Qwen/Qwen-Image-Edit-2511,6f3ccc0b56e431dc6a0c2b2039706d7d26f22cb9,Apache License 2.0,Apache-2.0,allowed,https://huggingface.co/Qwen/Qwen-Image-Edit-2511/tree/6f3ccc0b56e431dc6a0c2b2039706d7d26f22cb9
local:sana,Efficient-Large-Model/Sana_1600M_1024px_diffusers,ac0da2ff55fbe434795be0dce883042e4d49e2fc,Apache License 2.0,Apache-2.0,allowed,https://huggingface.co/Efficient-Large-Model/Sana_1600M_1024px_diffusers/tree/ac0da2ff55fbe434795be0dce883042e4d49e2fc
local:sana-sprint,Efficient-Large-Model/Sana_Sprint_1.6B_1024px_diffusers,19683c58b7ea290e55cedd8950ae1d86ada7ef96,Apache License 2.0,Apache-2.0,allowed,https://huggingface.co/Efficient-Large-Model/Sana_Sprint_1.6B_1024px_diffusers/tree/19683c58b7ea290e55cedd8950ae1d86ada7ef96
local:glm-image,zai-org/GLM-Image,2c433cc0cbc293bde2ac8ca9624f279b5d23fcf4,MIT License,MIT,allowed,https://huggingface.co/zai-org/GLM-Image/tree/2c433cc0cbc293bde2ac8ca9624f279b5d23fcf4
local:hidream-i1-full,HiDream-ai/HiDream-I1-Full,8ccbbfb270ccdae26d6bb0081df67dc81e4033bf,MIT License,MIT,allowed,https://huggingface.co/HiDream-ai/HiDream-I1-Full/tree/8ccbbfb270ccdae26d6bb0081df67dc81e4033bf
local:ideogram-4,ideogram-ai/ideogram-4-nf4,f664347839e0a87bc495f5c9483cc0014b8e344e,Ideogram 4 NF4 model license,,review-required,https://huggingface.co/ideogram-ai/ideogram-4-nf4/tree/f664347839e0a87bc495f5c9483cc0014b8e344e
local:flux-1-schnell,black-forest-labs/FLUX.1-schnell,741f7c3ce8b383c54771c7003378a50191e9efe9,Apache License 2.0,Apache-2.0,allowed,https://huggingface.co/black-forest-labs/FLUX.1-schnell/tree/741f7c3ce8b383c54771c7003378a50191e9efe9
local:flux-1-dev,black-forest-labs/FLUX.1-dev,3de623fc3c33e44ffbe2bad470d0f45bccf2eb21,FLUX.1 dev model license,,review-required,https://huggingface.co/black-forest-labs/FLUX.1-dev/tree/3de623fc3c33e44ffbe2bad470d0f45bccf2eb21
local:flux-2-klein-base-4b,black-forest-labs/FLUX.2-klein-base-4B,a3b4f4849157f664bdbc776fd7453c2783562f4d,Apache License 2.0,Apache-2.0,allowed,https://huggingface.co/black-forest-labs/FLUX.2-klein-base-4B/tree/a3b4f4849157f664bdbc776fd7453c2783562f4d
local:flux-2-klein-9b,black-forest-labs/FLUX.2-klein-9B,92196c8e11f7b6cf2b7493e037d8c5345c559216,FLUX.2 klein 9B model license,,review-required,https://huggingface.co/black-forest-labs/FLUX.2-klein-9B/tree/92196c8e11f7b6cf2b7493e037d8c5345c559216
local:flux-2-klein-base-9b,black-forest-labs/FLUX.2-klein-base-9B,32773329fbe7e81a90ef971740e8ba4b0364ecf3,FLUX.2 klein Base 9B model license,,review-required,https://huggingface.co/black-forest-labs/FLUX.2-klein-base-9B/tree/32773329fbe7e81a90ef971740e8ba4b0364ecf3
local:flux-2-dev,black-forest-labs/FLUX.2-dev,26afe3a78bb242c0a8bb181dcc8937bb16e5c66c,FLUX.2 dev model license,,review-required,https://huggingface.co/black-forest-labs/FLUX.2-dev/tree/26afe3a78bb242c0a8bb181dcc8937bb16e5c66c
local:krea-2-raw,krea/Krea-2-Raw,6b0ece7fffb640c5e3bcbe0a7f10f66b8e60a603,Krea 2 Raw model license,,review-required,https://huggingface.co/krea/Krea-2-Raw/tree/6b0ece7fffb640c5e3bcbe0a7f10f66b8e60a603
local:ltx-2.5,Lightricks/LTX-2.5-Diffusers,426936f8b22dc28e4def61e515478b0b7e4a53cc,LTX-2.x Community License,,review-required,https://huggingface.co/Lightricks/LTX-2.5-Diffusers/tree/426936f8b22dc28e4def61e515478b0b7e4a53cc
local:ltx-2.3,Lightricks/LTX-2.3,5948be4ced3a4493d1f836df64378ff136ddb770,LTX-2.3 model license,,review-required,https://huggingface.co/Lightricks/LTX-2.3/tree/5948be4ced3a4493d1f836df64378ff136ddb770
local:wan-2.2-t2v-a14b,Wan-AI/Wan2.2-T2V-A14B-Diffusers,5be7df9619b54f4e2667b2755bc6a756675b5cd7,Apache License 2.0,Apache-2.0,allowed,https://huggingface.co/Wan-AI/Wan2.2-T2V-A14B-Diffusers/tree/5be7df9619b54f4e2667b2755bc6a756675b5cd7
local:wan-2.2-i2v-a14b,Wan-AI/Wan2.2-I2V-A14B-Diffusers,596658fd9ca6b7b71d5057529bbf319ecbc61d74,Apache License 2.0,Apache-2.0,allowed,https://huggingface.co/Wan-AI/Wan2.2-I2V-A14B-Diffusers/tree/596658fd9ca6b7b71d5057529bbf319ecbc61d74
local:wan-2.1-t2v-1.3b,Wan-AI/Wan2.1-T2V-1.3B-Diffusers,0fad780a534b6463e45facd96134c9f345acfa5b,Apache License 2.0,Apache-2.0,allowed,https://huggingface.co/Wan-AI/Wan2.1-T2V-1.3B-Diffusers/tree/0fad780a534b6463e45facd96134c9f345acfa5b
local:hunyuan-video-1.5-t2v,hunyuanvideo-community/HunyuanVideo-1.5-Diffusers-480p_t2v,286be7ce72277246578a3e3cc2487e95ddae5bcf,HunyuanVideo 1.5 T2V model license,,review-required,https://huggingface.co/hunyuanvideo-community/HunyuanVideo-1.5-Diffusers-480p_t2v/tree/286be7ce72277246578a3e3cc2487e95ddae5bcf
local:cogvideox-2b,zai-org/CogVideoX-2b,1137dacfc2c9c012bed6a0793f4ecf2ca8e7ba01,Apache License 2.0,Apache-2.0,allowed,https://huggingface.co/zai-org/CogVideoX-2b/tree/1137dacfc2c9c012bed6a0793f4ecf2ca8e7ba01
local:cogvideox-1.5-5b,zai-org/CogVideoX1.5-5B,fdc5267c90b5c06492985b966e43aae984e189e0,CogVideoX 1.5 5B model license,,review-required,https://huggingface.co/zai-org/CogVideoX1.5-5B/tree/fdc5267c90b5c06492985b966e43aae984e189e0
local:cogvideox-1.5-5b-i2v,zai-org/CogVideoX1.5-5B-I2V,46c90528707aebbe69066390b4fe7e7d24c9c2a4,CogVideoX 1.5 5B I2V model license,,review-required,https://huggingface.co/zai-org/CogVideoX1.5-5B-I2V/tree/46c90528707aebbe69066390b4fe7e7d24c9c2a4
local:mochi-1,genmo/mochi-1-preview,14be5fcea23095ed330cb214647916a451e38b6e,Apache License 2.0,Apache-2.0,allowed,https://huggingface.co/genmo/mochi-1-preview/tree/14be5fcea23095ed330cb214647916a451e38b6e
local:helios,BestWishYsh/Helios-Base,5c50b6bc90eae9bd815d2a50b0c9877e3fd2cf88,Apache License 2.0,Apache-2.0,allowed,https://huggingface.co/BestWishYsh/Helios-Base/tree/5c50b6bc90eae9bd815d2a50b0c9877e3fd2cf88
local:stable-video-diffusion,stabilityai/stable-video-diffusion-img2vid-xt,9e43909513c6714f1bc78bcb44d96e733cd242aa,Stable Video Diffusion XT model license,,review-required,https://huggingface.co/stabilityai/stable-video-diffusion-img2vid-xt/tree/9e43909513c6714f1bc78bcb44d96e733cd242aa
local:audioldm2,cvssp/audioldm2,c8e7e189d324425c05c4c2f81214041ef4107983,Creative Commons Attribution Non Commercial Share Alike 4.0,CC-BY-NC-SA-4.0,review-required,https://huggingface.co/cvssp/audioldm2/tree/c8e7e189d324425c05c4c2f81214041ef4107983
local:sulphur-2-dev,SulphurAI/Sulphur-2-base,65587bbb38c700622f9434a16e732c8b280c115e,LTX-2.3 model license,,review-required,https://huggingface.co/SulphurAI/Sulphur-2-base/tree/65587bbb38c700622f9434a16e732c8b280c115e
