url,sha256,bytes,checked,error
https://raw.githubusercontent.com/Comfy-Org/ComfyUI/5c460d8172fe30761ff67c0df3d5643bb74e0d70/LICENSE,3972dc9744f6499f0f9b2dbf76696f2ae7ad8af9b23dde66d6af86c9dfb36986,35149,2026-10-05,
https://raw.githubusercontent.com/shootthesound/Fizgig/master/THIRD_PARTY_NOTICES.md,347291b9e7f6782ef4c2722f34e3a9ec68af7e74a39b05ce7b37819d5b401a20,6367,2026-10-05,
https://raw.githubusercontent.com/shadcn-ui/ui/main/LICENSE.md,1564074e13439397221ffd522e2e504d56561994a23d371aa5e3ad43e4f5423f,1063,2026-10-05,
https://raw.githubusercontent.com/Larryvrh/ComfyUI-MiniMax-H3-Turbo/main/LICENSE,cfc7749b96f63bd31c3c42b5c471bf756814053e847c10f3eb003417bc523d30,11358,2026-10-05,
https://huggingface.co/MiniMaxAI/MiniMax-H3/resolve/main/LICENSE,59b99642b95ea21630e311198ddbfffbfe05aadba0c2f5d884cbdf4efcc90f44,17604,2026-10-05,
https://huggingface.co/tencent/HunyuanVideo-1.5/resolve/main/LICENSE,c38236952096107a4adbc164f44cd1768745b0a20090ea858e0954c96a6b8391,16424,2026-10-05,
https://raw.githubusercontent.com/Lightricks/LTX-2/main/LICENSE-2,c325da090976a313b214bf0d6a1738003b96505c01c46043e80edc200a72c147,19197,2026-10-05,
https://raw.githubusercontent.com/zllrunning/face-parsing.PyTorch/master/LICENSE,28bce57c2f234bdaa1619d066248ebe182904902bd09897dc95adf8c951ea826,1060,2026-10-05,
https://raw.githubusercontent.com/microsoft/LoRA/main/LICENSE.md,c2cfccb812fe482101a8f04597dfc5a9991a6b2748266c47ac91b6a5aae15383,1141,2026-10-05,
https://raw.githubusercontent.com/cloneofsimo/lora/master/LICENSE,c71d239df91726fc519c6eb72d318ec65820627232b2f796219e87dcf35d0ab4,11357,2026-10-05,
https://raw.githubusercontent.com/Stability-AI/ModelSpec/main/LICENSE.md,,,2026-10-05,HTTP Error 404: Not Found
https://raw.githubusercontent.com/nodejs/node/v24.14.1/LICENSE,4573185d56580da2b890ba34a85a409257640f1c5632eade4300137266194d18,156926,2026-10-05,
https://raw.githubusercontent.com/microsoft/onnxruntime/v1.24.2/LICENSE,2f07c72751aed99790b8a4869cf2311df85a860b22ded05fa22803587a48922c,1073,2026-10-05,
https://raw.githubusercontent.com/microsoft/onnxruntime/v1.24.2/ThirdPartyNotices.txt,0e07b95f3a8d6230037707c5c4a2b554d12c4cb67369669ac255635528ffcee2,325054,2026-10-05,
https://raw.githubusercontent.com/Lightricks/LTX-2/main/LICENSE-2_x,be75acae5c99b0fb16ed6cfbf8f731e5121a729bef112d20337699407e796451,30399,2026-10-05,
https://raw.githubusercontent.com/github/copilot-cli/main/LICENSE.md,c694e2d9b3f3bb40704ca9bdc823dc90269999ab4c013dfd8a52c407046074b4,3553,2026-10-05,
https://raw.githubusercontent.com/github/copilot-sdk/main/LICENSE,2510b446bc1f0cf9702453075d20cd88631e20e5642658edb7325d9c1eb534f7,1060,2026-10-05,
https://huggingface.co/opencv/face_detection_yunet/resolve/3cc26e7f1014a5ee5d74a42acee58bafc9d0a310/LICENSE,c83b8120c50ccbd4c4f96edf53141bdd566ebb8f8e9227e415326aa1b1aba958,1085,2026-10-05,
https://raw.githubusercontent.com/krea-ai/krea-2/main/docs/KREA-2-COMMUNITY-LICENSE,7cd975008d1b944452d1fca9e9a6099e5cd4c46d36fdc283c7691da9307fc29e,14630,2026-10-05,
https://raw.githubusercontent.com/huggingface/tokenizers/v0.23.2/LICENSE,c71d239df91726fc519c6eb72d318ec65820627232b2f796219e87dcf35d0ab4,11357,2026-10-05,
https://raw.githubusercontent.com/astral-sh/uv/0.12.13/LICENSE-MIT,860e3d7a86b84e6a7012c7a635fc64df475cebc6cce34dfeb73a5982ec58176c,1077,2026-10-05,
https://raw.githubusercontent.com/astral-sh/uv/0.12.13/LICENSE-APACHE,c71d239df91726fc519c6eb72d318ec65820627232b2f796219e87dcf35d0ab4,11357,2026-10-05,
