environment,name,version,license,classifiers,legal_files,legal_text_sha256,direct_url,evidence
com.machdoch.desktop,accelerate,1.14.0,Apache,License :: OSI Approved :: Apache Software License,licenses/LICENSE,c71d239df91726fc519c6eb72d318ec65820627232b2f796219e87dcf35d0ab4,,installed METADATA and legal files; native contents require separate review
com.machdoch.desktop,aiohappyeyeballs,2.7.1,PSF-2.0,License :: OSI Approved :: Python Software Foundation License,licenses/LICENSE,3b2f81fe21d181c499c59a256c8e1968455d6689d269aa85373bfb6af41da3bf,,installed METADATA and legal files; native contents require separate review
com.machdoch.desktop,aiohttp,3.14.3,Apache-2.0 AND MIT,,licenses/LICENSE.txt; licenses/vendor/llhttp/LICENSE,ea195371abbf66a39eef56600955d1137c2c196dc144ffec46b6ea530ce70044; 279012e02a10acfd59a3f2d8f13a497332535d871c2b27c89988985b06a3a438,,installed METADATA and legal files; native contents require separate review
com.machdoch.desktop,aiosignal,1.4.0,Apache 2.0,License :: OSI Approved :: Apache Software License,licenses/LICENSE,6fd5243e92dd7f98ec69c7ac377728e74905709ff527a5bf98d6d0263c04f5b6,,installed METADATA and legal files; native contents require separate review
com.machdoch.desktop,amd-torch-device-gfx1201,2.12.0+rocm7.14.0,,,,,,installed METADATA and legal files; native contents require separate review
com.machdoch.desktop,amd-torch-device-gfx12-0,2.12.0+rocm7.14.0,,,,,,installed METADATA and legal files; native contents require separate review
com.machdoch.desktop,amd-torchvision-device-gfx1201,0.27.0+rocm7.14.0,,,,,,installed METADATA and legal files; native contents require separate review
com.machdoch.desktop,annotated-doc,0.0.5,MIT,,licenses/LICENSE,fff170779a6acbf65abdb405c087f1cee1786691e4a96a4034517e4a504a0cdf,,installed METADATA and legal files; native contents require separate review
com.machdoch.desktop,anyio,4.14.2,MIT,,licenses/LICENSE,5361ac9dc58f2ef5fd2e9b09c68297c17f04950909bbc8023bdb82eacf22c2b0,,installed METADATA and legal files; native contents require separate review
com.machdoch.desktop,attrs,26.1.0,MIT,,licenses/LICENSE,882115c95dfc2af1eeb6714f8ec6d5cbcabf667caff8729f42420da63f714e9f,,installed METADATA and legal files; native contents require separate review
com.machdoch.desktop,bitsandbytes,0.50.2,MIT,,licenses/LICENSE,f08a94bfb0bdc1d7f1cb59badaf0f8c551b10db871185622dbf1fd036affa9cb,,installed METADATA and legal files; native contents require separate review
com.machdoch.desktop,certifi,2026.7.22,MPL-2.0,License :: OSI Approved :: Mozilla Public License 2.0 (MPL 2.0),licenses/LICENSE,e93716da6b9c0d5a4a1df60fe695b370f0695603d21f6f83f053e42cfc10caf7,,installed METADATA and legal files; native contents require separate review
com.machdoch.desktop,charset-normalizer,3.5.1,MIT,,licenses/LICENSE,18577485d3704f1a479ded8e573c0976cfed315fd2fd17983fa988da4c2f70d1,,installed METADATA and legal files; native contents require separate review
com.machdoch.desktop,click,8.5.0,BSD-3-Clause,,licenses/LICENSE.txt,9a8ad106a394e853bfe21f42f4e72d592819a22805d991b5f3275029292b658d,,installed METADATA and legal files; native contents require separate review
com.machdoch.desktop,colorama,0.4.6,BSD-style; see exact legal text,License :: OSI Approved :: BSD License,licenses/LICENSE.txt,cac35c02686e5d04a5a7140bfb3b36e73aed496656e891102e428886d7930318,,installed METADATA and legal files; native contents require separate review; licence text inspected
com.machdoch.desktop,datasets,5.0.1,Apache 2.0,License :: OSI Approved :: Apache Software License,licenses/LICENSE,cfc7749b96f63bd31c3c42b5c471bf756814053e847c10f3eb003417bc523d30,,installed METADATA and legal files; native contents require separate review
com.machdoch.desktop,diffusers,0.41.0.dev0,Apache 2.0 License,License :: OSI Approved :: Apache Software License,licenses/LICENSE,e28423074ef718e6580a2c15459cdbf08d01eabaf0218754ad1b65db0c1f4cb6,"{""url"":""https://github.com/huggingface/diffusers.git"",""vcs_info"":{""vcs"":""git"",""commit_id"":""4295ee3ec58efa6577bc459e9b84ca3f63aa9a96"",""requested_revision"":""4295ee3ec58efa6577bc459e9b84ca3f63aa9a96""}}",installed METADATA and legal files; native contents require separate review
com.machdoch.desktop,dill,0.4.1,BSD-3-Clause,License :: OSI Approved :: BSD License,LICENSE,f669d63bebf765baaa0b20d8b0c1193296a7e0ea0c22c50a308b74d76ab3939c,,installed METADATA and legal files; native contents require separate review
com.machdoch.desktop,einops,0.8.2,MIT,License :: OSI Approved :: MIT License,licenses/LICENSE,30d984364296f51ffaecad4b01ee127e95250c5068918d4b66fc96206723e434,,installed METADATA and legal files; native contents require separate review
com.machdoch.desktop,filelock,3.29.1,MIT,License :: OSI Approved :: MIT License,licenses/LICENSE,608c89d5060ae9921adccf3236695bc654a9946e12323ef6c021dfa04e294d48,,installed METADATA and legal files; native contents require separate review
com.machdoch.desktop,frozenlist,1.8.0,Apache-2.0,,licenses/LICENSE,6fd5243e92dd7f98ec69c7ac377728e74905709ff527a5bf98d6d0263c04f5b6,,installed METADATA and legal files; native contents require separate review
com.machdoch.desktop,fsspec,2026.4.0,BSD-3-Clause,,licenses/LICENSE,2dc35496ce53a7307915c008a844aad53e772b49b34cdd00445067691407ec94,,installed METADATA and legal files; native contents require separate review
com.machdoch.desktop,ftfy,6.3.1,Apache-2.0,,licenses/LICENSE.txt,a0bfc5020bc2e1e820551a0625c70c95faa898c15e737100ff4880aa10197857,,installed METADATA and legal files; native contents require separate review
com.machdoch.desktop,h11,0.16.0,MIT,License :: OSI Approved :: MIT License,licenses/LICENSE.txt,37db5bb85926db28a427a25867f10b1232003aea1be69ccb851138adb8e6f361,,installed METADATA and legal files; native contents require separate review
com.machdoch.desktop,hf-xet,1.6.0,Apache-2.0,License :: OSI Approved :: Apache Software License,licenses/LICENSE,1eb85fc97224598dad1852b5d6483bbcf0aa8608790dcc657a5a2a761ae9c8c6,,installed METADATA and legal files; native contents require separate review
com.machdoch.desktop,httpcore,1.0.9,BSD-3-Clause,License :: OSI Approved :: BSD License,licenses/LICENSE.md,fdcb59154c74cbaba16a11242f7740bea9f23d6feb5547917d8c5f94a80392a5,,installed METADATA and legal files; native contents require separate review
com.machdoch.desktop,httpx,0.28.1,BSD-3-Clause,License :: OSI Approved :: BSD License,licenses/LICENSE.md,4ec59d544f12b5f539a3a716fd321ac58ccd8030b465221f2c880200cdf28d8d,,installed METADATA and legal files; native contents require separate review
com.machdoch.desktop,huggingface_hub,1.33.0,Apache-2.0,License :: OSI Approved :: Apache Software License,licenses/LICENSE,c71d239df91726fc519c6eb72d318ec65820627232b2f796219e87dcf35d0ab4,,installed METADATA and legal files; native contents require separate review
com.machdoch.desktop,idna,3.20,BSD-3-Clause,,licenses/LICENSE.md,1a9a4f0e3d479a27240ddd59a9137a66ab4a0f9dfdc8ca6188cc0bfd85187f04,,installed METADATA and legal files; native contents require separate review
com.machdoch.desktop,imageio-ffmpeg,0.6.0,BSD-2-Clause,License :: OSI Approved :: BSD License,LICENSE,eca73421d0c905a92e952a553d4d58919c5a507c2c2c76e3c0cf9ba408c299e4,,installed METADATA and legal files; native contents require separate review
com.machdoch.desktop,importlib_metadata,9.0.1,Apache-2.0,,licenses/LICENSE,e2f7bb0557e7a381499f15baa7c1d776d83d6616599179d71d3109b8e39f7b25,,installed METADATA and legal files; native contents require separate review
com.machdoch.desktop,Jinja2,3.1.6,BSD-style; see exact legal text,License :: OSI Approved :: BSD License,licenses/LICENSE.txt,3b49dcee4105eb37bac10faf1be260408fe85d252b8e9df2e0979fc1e094437b,,installed METADATA and legal files; native contents require separate review; licence text inspected
com.machdoch.desktop,markdown-it-py,4.2.0,MIT,License :: OSI Approved :: MIT License,licenses/LICENSE; licenses/LICENSE.markdown-it,4a2260d6e2cd0f5a151a1e86dbfe7d3ed552b1e2beabf9941c1ba5c49cbce484; 792c48c5a849a15fdf9e37e8bcf9e6d1dd13b32b46c642a748a0a46a9919d473,,installed METADATA and legal files; native contents require separate review; licence text inspected
com.machdoch.desktop,MarkupSafe,3.0.3,BSD-3-Clause,,licenses/LICENSE.txt,4631ec0db5fd90a547e336817264c6798214338146f8ac94b4a57f96ee8c9ec4,,installed METADATA and legal files; native contents require separate review
com.machdoch.desktop,mdurl,0.1.2,MIT,License :: OSI Approved :: MIT License,LICENSE,7c605df6e28667a9603118e98274f64a49ce3eed0d26fccce9534a345e0ef955,,installed METADATA and legal files; native contents require separate review; licence text inspected
com.machdoch.desktop,mpmath,1.3.0,BSD,License :: OSI Approved :: BSD License,LICENSE,c26cae81da4508e5e249985777a33821f183223ebb74d7f8cfbf90fe7eef2fb7,,installed METADATA and legal files; native contents require separate review
com.machdoch.desktop,multidict,6.9.1,Apache License 2.0,,licenses/LICENSE,2e4be5fc6c4c72a466fcb665d726e049a6891981fe536c4f04b6366749461d23,,installed METADATA and legal files; native contents require separate review
com.machdoch.desktop,multiprocess,0.70.19,BSD-3-Clause,License :: OSI Approved :: BSD License,licenses/COPYING; licenses/LICENSE,9f7ff27cb930d2c3202ee07e3d2d6146f4de676d069a33da3166c98cdba83a95; 4e693e45d442befb87c1f9d27e8d6b1566ee8ddac083d6f5c7c6829ba40878c9,,installed METADATA and legal files; native contents require separate review
com.machdoch.desktop,networkx,3.6.1,BSD-3-Clause,,licenses/LICENSE.txt,3cf7c3a179d817b23b8b8568211769fefdf93797d207d984b8b2fa24d0220b33,,installed METADATA and legal files; native contents require separate review
com.machdoch.desktop,numpy,2.5.2,BSD-3-Clause AND 0BSD AND MIT AND Zlib AND CC0-1.0,,licenses/LICENSE.txt; licenses/numpy/_core/include/numpy/libdivide/LICENSE.txt; licenses/numpy/_core/src/common/pythoncapi-compat/COPYING; licenses/numpy/_core/src/highway/LICENSE; licenses/numpy/_core/src/npysort/x86-simd-sort/LICENSE.md; licenses/numpy/_core/src/umath/svml/LICENSE; licenses/numpy/fft/pocketfft/LICENSE.md; licenses/numpy/linalg/lapack_lite/LICENSE.txt; licenses/numpy/ma/LICENSE; licenses/numpy/random/LICENSE.md; licenses/numpy/random/src/distributions/LICENSE.md; licenses/numpy/random/src/mt19937/LICENSE.md; licenses/numpy/random/src/pcg64/LICENSE.md; licenses/numpy/random/src/philox/LICENSE.md; licenses/numpy/random/src/sfc64/LICENSE.md; licenses/numpy/random/src/splitmix64/LICENSE.md,a804dff0ead9fadc5293456410bcbfc32bf024be9c4513459663fb7b442d2341; d544761558b510866c21f7e8a2d5716fca76e0b98117e3b6b86314db7244d150; aea41976c720f91bd19725c16916a1ace40eb1ea42620d340e587a5de4bbcea0; d208152e2777ffd0126eacc1bd21c0320d69e4e6b622d21a2a12a47e8ef73763; a732977853530066790c42817087f4829b518dd98d340c916acbfd227e39d3cb; 585483905b13d4b42f800c55ba99e89d6e2e33ccd5f503e201c07531d148ff41; 8db000e158c162e7249787852d8c69764706502ccee725c06641b31c1e95c8af; 19060ef465e1797d682ee0fc3081bd25ab1395e995e43d25c9d13c95d9a3cd6b; d78dbb208b80d92b4d333e41a4baae50d12444f46e53199fa7726a91de6e2da7; b4bc2f4fa1c95778f1ed3dd8f14706bece399475b978f9f34b5d3cd72521b48a; cf5619f25b112d5ce7c896efffc8e610bcb345dfadcc19f2c1460aa48fff2c9e; 92c10699884321f1c2947fe2a70ab23b0fbf1507f756d89dd08f38c61fc3d4fa; 41190663b77bee5302386495a07b7eabfbfa571aa0ae2f11da6764162062fc4f; 322ac46d870c8aeead6c53adcccc839296fb3c8e456eae155081297daf7f8013; 28cad82ce1379dc529df30da78ec012d7d0d1d576b03ddcb93388aee53659f59; 454ec7350e478e037061850b67395753b425b1cb0a34bbc26290b020bf89d763,,installed METADATA and legal files; native contents require separate review
com.machdoch.desktop,opencv-python-headless,4.13.0.92,Apache 2.0,License :: OSI Approved :: Apache Software License,LICENSE-3RD-PARTY.txt; LICENSE.txt,55bf7d4a1de21d130a39ca38824eb61ba061edbf8449838634246bde30fde403; edef0fac1eb08d29d34563f724742e078da2513e196133a12c6ad9ff01e26107,,installed METADATA and legal files; native contents require separate review
com.machdoch.desktop,packaging,26.3,Apache-2.0 OR BSD-2-Clause,,licenses/LICENSE; licenses/LICENSE.APACHE; licenses/LICENSE.BSD,cad1ef5bd340d73e074ba614d26f7deaca5c7940c3d8c34852e65c4909686c48; 0d542e0c8804e39aa7f37eb00da5a762149dc682d7829451287e11b938e94594; b70e7e9b742f1cc6f948b34c16aa39ffece94196364bc88ff0d2180f0028fac5,,installed METADATA and legal files; native contents require separate review
com.machdoch.desktop,pandas,3.0.6,License text: BSD-style,License :: OSI Approved :: BSD License,LICENSE,9850f6b5bdef7346503065807b878deb8058b976c5c329f4c4d23bf4796ce9ae,,installed METADATA and legal files; native contents require separate review
com.machdoch.desktop,peft,0.19.1,Apache,License :: OSI Approved :: Apache Software License,licenses/LICENSE,c71d239df91726fc519c6eb72d318ec65820627232b2f796219e87dcf35d0ab4,,installed METADATA and legal files; native contents require separate review
com.machdoch.desktop,pillow,12.3.0,MIT-CMU,,licenses/LICENSE,4f7866a74802c6326f81faff59a56546b6aec2b10b91973e0e9308de95e79857,,installed METADATA and legal files; native contents require separate review
com.machdoch.desktop,propcache,0.5.4,Apache-2.0,,licenses/LICENSE; licenses/NOTICE,cfc7749b96f63bd31c3c42b5c471bf756814053e847c10f3eb003417bc523d30; 56d6ac6c8105c0a51304c21db060e361af9a8ea0af9a75c239c28b5d13693838,,installed METADATA and legal files; native contents require separate review
com.machdoch.desktop,protobuf,7.35.1,3-Clause BSD License,,LICENSE,6e5e117324afd944dcf67f36cf329843bc1a92229a8cd9bb573d7a83130fea7d,,installed METADATA and legal files; native contents require separate review
com.machdoch.desktop,psutil,7.2.2,BSD-3-Clause,,LICENSE,c7adc4d5d1337a548b967421f1fbe258b93033a0417708fd6f4e38f8ecbceb80,,installed METADATA and legal files; native contents require separate review
com.machdoch.desktop,pyarrow,25.0.1,Apache-2.0,,licenses/LICENSE.txt; licenses/NOTICE.txt,b410defd7f5f8cac9cfa54a3a49fcd971de2be0462bbab980c8f869f1aac94d3; 2ccca1e730e671f55b8028facf2261a6f74b561a4d96a2ccd743be19c5619236,,installed METADATA and legal files; native contents require separate review
com.machdoch.desktop,Pygments,2.21.0,BSD-2-Clause,,licenses/LICENSE,a9d66f1d526df02e29dce73436d34e56e8632f46c275bbdffc70569e882f9f17,,installed METADATA and legal files; native contents require separate review
com.machdoch.desktop,python-dateutil,2.9.0.post0,Dual License,License :: OSI Approved :: BSD License; License :: OSI Approved :: Apache Software License,LICENSE,ba00f51a0d92823b5a1cde27d8b5b9d2321e67ed8da9bc163eff96d5e17e577e,,installed METADATA and legal files; native contents require separate review
com.machdoch.desktop,PyYAML,6.0.3,MIT,License :: OSI Approved :: MIT License,licenses/LICENSE,8d3928f9dc4490fd635707cb88eb26bd764102a7282954307d3e5167a577e8a4,,installed METADATA and legal files; native contents require separate review
com.machdoch.desktop,regex,2026.9.29,Apache-2.0 AND CNRI-Python,,licenses/LICENSE.txt,3d220c06594b826bbabf110312f60f385f99e57e529fa4b9e536f79091f8b4c7,,installed METADATA and legal files; native contents require separate review
com.machdoch.desktop,requests,2.34.2,Apache-2.0,License :: OSI Approved :: Apache Software License,licenses/LICENSE; licenses/NOTICE,09e8a9bcec8067104652c168685ab0931e7868f9c8284b66f5ae6edae5f1130b; f5110972dedad2b4e9d314518daf3b7d72d6e02e499acd802181de6f74571dcc,,installed METADATA and legal files; native contents require separate review
com.machdoch.desktop,rich,15.0.0,MIT,License :: OSI Approved :: MIT License,licenses/LICENSE,deed7c17a4318158190a3ea239cc879a5a50271cebb98ae7025f48fbe58dca15,,installed METADATA and legal files; native contents require separate review
com.machdoch.desktop,rocm,7.14.0,,,,,,installed METADATA and legal files; native contents require separate review
com.machdoch.desktop,rocm-bootstrap,0.1.0,MIT,,,,,installed METADATA and legal files; native contents require separate review
com.machdoch.desktop,rocm-sdk-core,7.14.0,,,,,,installed METADATA and legal files; native contents require separate review
com.machdoch.desktop,rocm-sdk-device-gfx1201,7.14.0,,,,,,installed METADATA and legal files; native contents require separate review
com.machdoch.desktop,rocm-sdk-libraries,7.14.0,,,,,,installed METADATA and legal files; native contents require separate review
com.machdoch.desktop,safetensors,0.8.0,Apache-2.0,License :: OSI Approved :: Apache Software License,licenses/LICENSE,1eb85fc97224598dad1852b5d6483bbcf0aa8608790dcc657a5a2a761ae9c8c6,,installed METADATA and legal files; native contents require separate review; licence text inspected
com.machdoch.desktop,scipy,1.18.1,"License text: GPL, GCC-runtime-exception, BSD-style",License :: OSI Approved :: BSD License,LICENSE.txt,f0f5c56b298ec9795df1199edc328a987242716d14a1bde6813112e22dc15f99,,installed METADATA and legal files; native contents require separate review
com.machdoch.desktop,sentencepiece,0.2.2,Apache-2.0,,,,,installed METADATA and legal files; native contents require separate review
com.machdoch.desktop,setuptools,81.0.0,MIT,,licenses/LICENSE,86da0f01aeae46348a3c3d465195dc1ceccde79f79e87769a64b8da04b2a4741,,installed METADATA and legal files; native contents require separate review
com.machdoch.desktop,shellingham,1.5.4,ISC License,License :: OSI Approved :: ISC License (ISCL),LICENSE,f388fd38cad13112c1dc0f669bbe80e7f84541edbafb72f3030d2ca7642c3c9d,,installed METADATA and legal files; native contents require separate review
com.machdoch.desktop,six,1.17.0,MIT,License :: OSI Approved :: MIT License,LICENSE,4375ba20e2b9c6c4e7cad2940a628fd90e95cc3d50ee92aae755715d8ba1fbd0,,installed METADATA and legal files; native contents require separate review
com.machdoch.desktop,spandrel,0.4.2,MIT,License :: OSI Approved :: MIT License,,,,installed METADATA and legal files; native contents require separate review
com.machdoch.desktop,sympy,1.14.0,BSD,License :: OSI Approved :: BSD License,licenses/LICENSE,07a5e9819f727b4986ad2829c7a29a6320d42575f720eb24d71b7fef573a0286,,installed METADATA and legal files; native contents require separate review
com.machdoch.desktop,tokenizers,0.23.2,Apache-2.0,License :: OSI Approved :: Apache Software License,,,,installed METADATA and legal files; native contents require separate review; exact upstream v0.23.2 LICENSE verified
com.machdoch.desktop,torch,2.12.0+rocm7.14.0,BSD-3-Clause,,licenses/LICENSE; licenses/NOTICE,6de2390f7ad5b438f3fc457695fb044bad29f3771dfc4979a72b6b9b7e3aa47d; 1c3dec6c0342c7ed9e12af59b296c7bb1d394af5cf881db74191cc8299efce5c,,installed METADATA and legal files; native contents require separate review
com.machdoch.desktop,torchvision,0.27.0+rocm7.14.0,BSD,,licenses/LICENSE,c06363f9d33627dc5173b13522444cc85fbb4739f63e16d4587d5c0a165b5b1e,,installed METADATA and legal files; native contents require separate review
com.machdoch.desktop,tqdm,4.70.1,MPL-2.0 AND MIT,,licenses/LICENCE,fcff87c3a47ce8028a8512aa182d4fcf0ad1c90544ee75cf9b343684cac194de,,installed METADATA and legal files; native contents require separate review
com.machdoch.desktop,transformers,5.17.0,Apache 2.0 License,,licenses/LICENSE,77fd4710def9ec3c0f6225800e0235f15a425abd4a8b03559127fcd782612049,,installed METADATA and legal files; native contents require separate review
com.machdoch.desktop,typer,0.27.2,MIT,,licenses/LICENSE,58992cebcf8dfb6e40c4e2112ed12126c243666dca3912a3d78b7ecac4859d49,,installed METADATA and legal files; native contents require separate review
com.machdoch.desktop,typing_extensions,4.15.0,PSF-2.0,,licenses/LICENSE,3b2f81fe21d181c499c59a256c8e1968455d6689d269aa85373bfb6af41da3bf,,installed METADATA and legal files; native contents require separate review
com.machdoch.desktop,tzdata,2026.4,Apache-2.0,,licenses/LICENSE; licenses/licenses/LICENSE_APACHE,df58f69ea88683035d720b5375bcef0cf5aeaa98a1d098d572e0992c378deb46; c71d239df91726fc519c6eb72d318ec65820627232b2f796219e87dcf35d0ab4,,installed METADATA and legal files; native contents require separate review
com.machdoch.desktop,urllib3,2.8.0,MIT,,licenses/LICENSE.txt,130e3a64d5fdd5d096a752694634a7d9df284469de86e5732100268041e3d686,,installed METADATA and legal files; native contents require separate review
com.machdoch.desktop,wcwidth,0.9.1,MIT,License :: OSI Approved :: MIT License,licenses/LICENSE,dff08668b8cfca00ec90011eb318e450c3719fcd40893bf375781a6beef7143a,,installed METADATA and legal files; native contents require separate review; licence text inspected
com.machdoch.desktop,xxhash,4.0.1,BSD-2-Clause,,licenses/LICENSE,b76e99529f3e47372029e11914a8f4b95d6313463ed5a1a5c9afe96c3e015114,,installed METADATA and legal files; native contents require separate review
com.machdoch.desktop,yarl,1.25.1,Apache-2.0,,licenses/LICENSE; licenses/NOTICE,cfc7749b96f63bd31c3c42b5c471bf756814053e847c10f3eb003417bc523d30; 56d6ac6c8105c0a51304c21db060e361af9a8ea0af9a75c239c28b5d13693838,,installed METADATA and legal files; native contents require separate review
com.machdoch.desktop,zipp,4.1.0,MIT,,licenses/LICENSE,9755a18519666e5f0f4cae3daad3d7012bcae48a600b31237d75e9fe134e6683,,installed METADATA and legal files; native contents require separate review
com.machdoch.desktop.dev,accelerate,1.14.0,Apache,License :: OSI Approved :: Apache Software License,licenses/LICENSE,c71d239df91726fc519c6eb72d318ec65820627232b2f796219e87dcf35d0ab4,,installed METADATA and legal files; native contents require separate review
com.machdoch.desktop.dev,aiohappyeyeballs,2.7.1,PSF-2.0,License :: OSI Approved :: Python Software Foundation License,licenses/LICENSE,3b2f81fe21d181c499c59a256c8e1968455d6689d269aa85373bfb6af41da3bf,,installed METADATA and legal files; native contents require separate review
com.machdoch.desktop.dev,aiohttp,3.14.3,Apache-2.0 AND MIT,,licenses/LICENSE.txt; licenses/vendor/llhttp/LICENSE,ea195371abbf66a39eef56600955d1137c2c196dc144ffec46b6ea530ce70044; 279012e02a10acfd59a3f2d8f13a497332535d871c2b27c89988985b06a3a438,,installed METADATA and legal files; native contents require separate review
com.machdoch.desktop.dev,aiosignal,1.4.0,Apache 2.0,License :: OSI Approved :: Apache Software License,licenses/LICENSE,6fd5243e92dd7f98ec69c7ac377728e74905709ff527a5bf98d6d0263c04f5b6,,installed METADATA and legal files; native contents require separate review
com.machdoch.desktop.dev,amd-torch-device-gfx1201,2.12.0+rocm7.14.0,,,,,,installed METADATA and legal files; native contents require separate review
com.machdoch.desktop.dev,amd-torch-device-gfx12-0,2.12.0+rocm7.14.0,,,,,,installed METADATA and legal files; native contents require separate review
com.machdoch.desktop.dev,amd-torchvision-device-gfx1201,0.27.0+rocm7.14.0,,,,,,installed METADATA and legal files; native contents require separate review
com.machdoch.desktop.dev,annotated-doc,0.0.5,MIT,,licenses/LICENSE,fff170779a6acbf65abdb405c087f1cee1786691e4a96a4034517e4a504a0cdf,,installed METADATA and legal files; native contents require separate review
com.machdoch.desktop.dev,anyio,4.14.2,MIT,,licenses/LICENSE,5361ac9dc58f2ef5fd2e9b09c68297c17f04950909bbc8023bdb82eacf22c2b0,,installed METADATA and legal files; native contents require separate review
com.machdoch.desktop.dev,attrs,26.1.0,MIT,,licenses/LICENSE,882115c95dfc2af1eeb6714f8ec6d5cbcabf667caff8729f42420da63f714e9f,,installed METADATA and legal files; native contents require separate review
com.machdoch.desktop.dev,bitsandbytes,0.50.2,MIT,,licenses/LICENSE,f08a94bfb0bdc1d7f1cb59badaf0f8c551b10db871185622dbf1fd036affa9cb,,installed METADATA and legal files; native contents require separate review
com.machdoch.desktop.dev,certifi,2026.7.22,MPL-2.0,License :: OSI Approved :: Mozilla Public License 2.0 (MPL 2.0),licenses/LICENSE,e93716da6b9c0d5a4a1df60fe695b370f0695603d21f6f83f053e42cfc10caf7,,installed METADATA and legal files; native contents require separate review
com.machdoch.desktop.dev,charset-normalizer,3.5.2,MIT,,licenses/LICENSE,18577485d3704f1a479ded8e573c0976cfed315fd2fd17983fa988da4c2f70d1,,installed METADATA and legal files; native contents require separate review
com.machdoch.desktop.dev,click,8.5.0,BSD-3-Clause,,licenses/LICENSE.txt,9a8ad106a394e853bfe21f42f4e72d592819a22805d991b5f3275029292b658d,,installed METADATA and legal files; native contents require separate review
com.machdoch.desktop.dev,colorama,0.4.6,BSD-style; see exact legal text,License :: OSI Approved :: BSD License,licenses/LICENSE.txt,cac35c02686e5d04a5a7140bfb3b36e73aed496656e891102e428886d7930318,,installed METADATA and legal files; native contents require separate review; licence text inspected
com.machdoch.desktop.dev,datasets,5.0.1,Apache 2.0,License :: OSI Approved :: Apache Software License,licenses/LICENSE,cfc7749b96f63bd31c3c42b5c471bf756814053e847c10f3eb003417bc523d30,,installed METADATA and legal files; native contents require separate review
com.machdoch.desktop.dev,diffusers,0.41.0.dev0,Apache 2.0 License,License :: OSI Approved :: Apache Software License,licenses/LICENSE,e28423074ef718e6580a2c15459cdbf08d01eabaf0218754ad1b65db0c1f4cb6,"{""url"":""https://github.com/huggingface/diffusers.git"",""vcs_info"":{""vcs"":""git"",""commit_id"":""4295ee3ec58efa6577bc459e9b84ca3f63aa9a96"",""requested_revision"":""4295ee3ec58efa6577bc459e9b84ca3f63aa9a96""}}",installed METADATA and legal files; native contents require separate review
com.machdoch.desktop.dev,dill,0.4.1,BSD-3-Clause,License :: OSI Approved :: BSD License,LICENSE,f669d63bebf765baaa0b20d8b0c1193296a7e0ea0c22c50a308b74d76ab3939c,,installed METADATA and legal files; native contents require separate review
com.machdoch.desktop.dev,einops,0.8.2,MIT,License :: OSI Approved :: MIT License,licenses/LICENSE,30d984364296f51ffaecad4b01ee127e95250c5068918d4b66fc96206723e434,,installed METADATA and legal files; native contents require separate review
com.machdoch.desktop.dev,filelock,3.29.1,MIT,License :: OSI Approved :: MIT License,licenses/LICENSE,608c89d5060ae9921adccf3236695bc654a9946e12323ef6c021dfa04e294d48,,installed METADATA and legal files; native contents require separate review
com.machdoch.desktop.dev,frozenlist,1.8.0,Apache-2.0,,licenses/LICENSE,6fd5243e92dd7f98ec69c7ac377728e74905709ff527a5bf98d6d0263c04f5b6,,installed METADATA and legal files; native contents require separate review
com.machdoch.desktop.dev,fsspec,2026.4.0,BSD-3-Clause,,licenses/LICENSE,2dc35496ce53a7307915c008a844aad53e772b49b34cdd00445067691407ec94,,installed METADATA and legal files; native contents require separate review
com.machdoch.desktop.dev,ftfy,6.3.1,Apache-2.0,,licenses/LICENSE.txt,a0bfc5020bc2e1e820551a0625c70c95faa898c15e737100ff4880aa10197857,,installed METADATA and legal files; native contents require separate review
com.machdoch.desktop.dev,h11,0.16.0,MIT,License :: OSI Approved :: MIT License,licenses/LICENSE.txt,37db5bb85926db28a427a25867f10b1232003aea1be69ccb851138adb8e6f361,,installed METADATA and legal files; native contents require separate review
com.machdoch.desktop.dev,hf-xet,1.6.0,Apache-2.0,License :: OSI Approved :: Apache Software License,licenses/LICENSE,1eb85fc97224598dad1852b5d6483bbcf0aa8608790dcc657a5a2a761ae9c8c6,,installed METADATA and legal files; native contents require separate review
com.machdoch.desktop.dev,httpcore,1.0.9,BSD-3-Clause,License :: OSI Approved :: BSD License,licenses/LICENSE.md,fdcb59154c74cbaba16a11242f7740bea9f23d6feb5547917d8c5f94a80392a5,,installed METADATA and legal files; native contents require separate review
com.machdoch.desktop.dev,httpx,0.28.1,BSD-3-Clause,License :: OSI Approved :: BSD License,licenses/LICENSE.md,4ec59d544f12b5f539a3a716fd321ac58ccd8030b465221f2c880200cdf28d8d,,installed METADATA and legal files; native contents require separate review
com.machdoch.desktop.dev,huggingface_hub,1.33.0,Apache-2.0,License :: OSI Approved :: Apache Software License,licenses/LICENSE,c71d239df91726fc519c6eb72d318ec65820627232b2f796219e87dcf35d0ab4,,installed METADATA and legal files; native contents require separate review
com.machdoch.desktop.dev,idna,3.20,BSD-3-Clause,,licenses/LICENSE.md,1a9a4f0e3d479a27240ddd59a9137a66ab4a0f9dfdc8ca6188cc0bfd85187f04,,installed METADATA and legal files; native contents require separate review
com.machdoch.desktop.dev,imageio-ffmpeg,0.6.0,BSD-2-Clause,License :: OSI Approved :: BSD License,LICENSE,eca73421d0c905a92e952a553d4d58919c5a507c2c2c76e3c0cf9ba408c299e4,,installed METADATA and legal files; native contents require separate review
com.machdoch.desktop.dev,importlib_metadata,9.0.1,Apache-2.0,,licenses/LICENSE,e2f7bb0557e7a381499f15baa7c1d776d83d6616599179d71d3109b8e39f7b25,,installed METADATA and legal files; native contents require separate review
com.machdoch.desktop.dev,Jinja2,3.1.6,BSD-style; see exact legal text,License :: OSI Approved :: BSD License,licenses/LICENSE.txt,3b49dcee4105eb37bac10faf1be260408fe85d252b8e9df2e0979fc1e094437b,,installed METADATA and legal files; native contents require separate review; licence text inspected
com.machdoch.desktop.dev,markdown-it-py,4.2.0,MIT,License :: OSI Approved :: MIT License,licenses/LICENSE; licenses/LICENSE.markdown-it,4a2260d6e2cd0f5a151a1e86dbfe7d3ed552b1e2beabf9941c1ba5c49cbce484; 792c48c5a849a15fdf9e37e8bcf9e6d1dd13b32b46c642a748a0a46a9919d473,,installed METADATA and legal files; native contents require separate review; licence text inspected
com.machdoch.desktop.dev,MarkupSafe,3.0.3,BSD-3-Clause,,licenses/LICENSE.txt,4631ec0db5fd90a547e336817264c6798214338146f8ac94b4a57f96ee8c9ec4,,installed METADATA and legal files; native contents require separate review
com.machdoch.desktop.dev,mdurl,0.1.2,MIT,License :: OSI Approved :: MIT License,LICENSE,7c605df6e28667a9603118e98274f64a49ce3eed0d26fccce9534a345e0ef955,,installed METADATA and legal files; native contents require separate review; licence text inspected
com.machdoch.desktop.dev,mpmath,1.3.0,BSD,License :: OSI Approved :: BSD License,LICENSE,c26cae81da4508e5e249985777a33821f183223ebb74d7f8cfbf90fe7eef2fb7,,installed METADATA and legal files; native contents require separate review
com.machdoch.desktop.dev,multidict,6.9.1,Apache License 2.0,,licenses/LICENSE,2e4be5fc6c4c72a466fcb665d726e049a6891981fe536c4f04b6366749461d23,,installed METADATA and legal files; native contents require separate review
com.machdoch.desktop.dev,multiprocess,0.70.19,BSD-3-Clause,License :: OSI Approved :: BSD License,licenses/COPYING; licenses/LICENSE,9f7ff27cb930d2c3202ee07e3d2d6146f4de676d069a33da3166c98cdba83a95; 4e693e45d442befb87c1f9d27e8d6b1566ee8ddac083d6f5c7c6829ba40878c9,,installed METADATA and legal files; native contents require separate review
com.machdoch.desktop.dev,networkx,3.6.1,BSD-3-Clause,,licenses/LICENSE.txt,3cf7c3a179d817b23b8b8568211769fefdf93797d207d984b8b2fa24d0220b33,,installed METADATA and legal files; native contents require separate review
com.machdoch.desktop.dev,numpy,2.5.2,BSD-3-Clause AND 0BSD AND MIT AND Zlib AND CC0-1.0,,licenses/LICENSE.txt; licenses/numpy/_core/include/numpy/libdivide/LICENSE.txt; licenses/numpy/_core/src/common/pythoncapi-compat/COPYING; licenses/numpy/_core/src/highway/LICENSE; licenses/numpy/_core/src/npysort/x86-simd-sort/LICENSE.md; licenses/numpy/_core/src/umath/svml/LICENSE; licenses/numpy/fft/pocketfft/LICENSE.md; licenses/numpy/linalg/lapack_lite/LICENSE.txt; licenses/numpy/ma/LICENSE; licenses/numpy/random/LICENSE.md; licenses/numpy/random/src/distributions/LICENSE.md; licenses/numpy/random/src/mt19937/LICENSE.md; licenses/numpy/random/src/pcg64/LICENSE.md; licenses/numpy/random/src/philox/LICENSE.md; licenses/numpy/random/src/sfc64/LICENSE.md; licenses/numpy/random/src/splitmix64/LICENSE.md,a804dff0ead9fadc5293456410bcbfc32bf024be9c4513459663fb7b442d2341; d544761558b510866c21f7e8a2d5716fca76e0b98117e3b6b86314db7244d150; aea41976c720f91bd19725c16916a1ace40eb1ea42620d340e587a5de4bbcea0; d208152e2777ffd0126eacc1bd21c0320d69e4e6b622d21a2a12a47e8ef73763; a732977853530066790c42817087f4829b518dd98d340c916acbfd227e39d3cb; 585483905b13d4b42f800c55ba99e89d6e2e33ccd5f503e201c07531d148ff41; 8db000e158c162e7249787852d8c69764706502ccee725c06641b31c1e95c8af; 19060ef465e1797d682ee0fc3081bd25ab1395e995e43d25c9d13c95d9a3cd6b; d78dbb208b80d92b4d333e41a4baae50d12444f46e53199fa7726a91de6e2da7; b4bc2f4fa1c95778f1ed3dd8f14706bece399475b978f9f34b5d3cd72521b48a; cf5619f25b112d5ce7c896efffc8e610bcb345dfadcc19f2c1460aa48fff2c9e; 92c10699884321f1c2947fe2a70ab23b0fbf1507f756d89dd08f38c61fc3d4fa; 41190663b77bee5302386495a07b7eabfbfa571aa0ae2f11da6764162062fc4f; 322ac46d870c8aeead6c53adcccc839296fb3c8e456eae155081297daf7f8013; 28cad82ce1379dc529df30da78ec012d7d0d1d576b03ddcb93388aee53659f59; 454ec7350e478e037061850b67395753b425b1cb0a34bbc26290b020bf89d763,,installed METADATA and legal files; native contents require separate review
com.machdoch.desktop.dev,opencv-python-headless,4.13.0.92,Apache 2.0,License :: OSI Approved :: Apache Software License,LICENSE-3RD-PARTY.txt; LICENSE.txt,55bf7d4a1de21d130a39ca38824eb61ba061edbf8449838634246bde30fde403; edef0fac1eb08d29d34563f724742e078da2513e196133a12c6ad9ff01e26107,,installed METADATA and legal files; native contents require separate review
com.machdoch.desktop.dev,packaging,26.3,Apache-2.0 OR BSD-2-Clause,,licenses/LICENSE; licenses/LICENSE.APACHE; licenses/LICENSE.BSD,cad1ef5bd340d73e074ba614d26f7deaca5c7940c3d8c34852e65c4909686c48; 0d542e0c8804e39aa7f37eb00da5a762149dc682d7829451287e11b938e94594; b70e7e9b742f1cc6f948b34c16aa39ffece94196364bc88ff0d2180f0028fac5,,installed METADATA and legal files; native contents require separate review
com.machdoch.desktop.dev,pandas,3.0.6,License text: BSD-style,License :: OSI Approved :: BSD License,LICENSE,9850f6b5bdef7346503065807b878deb8058b976c5c329f4c4d23bf4796ce9ae,,installed METADATA and legal files; native contents require separate review
com.machdoch.desktop.dev,peft,0.19.1,Apache,License :: OSI Approved :: Apache Software License,licenses/LICENSE,c71d239df91726fc519c6eb72d318ec65820627232b2f796219e87dcf35d0ab4,,installed METADATA and legal files; native contents require separate review
com.machdoch.desktop.dev,pillow,12.3.0,MIT-CMU,,licenses/LICENSE,4f7866a74802c6326f81faff59a56546b6aec2b10b91973e0e9308de95e79857,,installed METADATA and legal files; native contents require separate review
com.machdoch.desktop.dev,propcache,0.5.4,Apache-2.0,,licenses/LICENSE; licenses/NOTICE,cfc7749b96f63bd31c3c42b5c471bf756814053e847c10f3eb003417bc523d30; 56d6ac6c8105c0a51304c21db060e361af9a8ea0af9a75c239c28b5d13693838,,installed METADATA and legal files; native contents require separate review
com.machdoch.desktop.dev,protobuf,7.35.1,3-Clause BSD License,,LICENSE,6e5e117324afd944dcf67f36cf329843bc1a92229a8cd9bb573d7a83130fea7d,,installed METADATA and legal files; native contents require separate review
com.machdoch.desktop.dev,psutil,7.2.2,BSD-3-Clause,,LICENSE,c7adc4d5d1337a548b967421f1fbe258b93033a0417708fd6f4e38f8ecbceb80,,installed METADATA and legal files; native contents require separate review
com.machdoch.desktop.dev,pyarrow,25.0.1,Apache-2.0,,licenses/LICENSE.txt; licenses/NOTICE.txt,b410defd7f5f8cac9cfa54a3a49fcd971de2be0462bbab980c8f869f1aac94d3; 2ccca1e730e671f55b8028facf2261a6f74b561a4d96a2ccd743be19c5619236,,installed METADATA and legal files; native contents require separate review
com.machdoch.desktop.dev,Pygments,2.21.0,BSD-2-Clause,,licenses/LICENSE,a9d66f1d526df02e29dce73436d34e56e8632f46c275bbdffc70569e882f9f17,,installed METADATA and legal files; native contents require separate review
com.machdoch.desktop.dev,python-dateutil,2.9.0.post0,Dual License,License :: OSI Approved :: BSD License; License :: OSI Approved :: Apache Software License,LICENSE,ba00f51a0d92823b5a1cde27d8b5b9d2321e67ed8da9bc163eff96d5e17e577e,,installed METADATA and legal files; native contents require separate review
com.machdoch.desktop.dev,PyYAML,6.0.3,MIT,License :: OSI Approved :: MIT License,licenses/LICENSE,8d3928f9dc4490fd635707cb88eb26bd764102a7282954307d3e5167a577e8a4,,installed METADATA and legal files; native contents require separate review
com.machdoch.desktop.dev,regex,2026.9.29,Apache-2.0 AND CNRI-Python,,licenses/LICENSE.txt,3d220c06594b826bbabf110312f60f385f99e57e529fa4b9e536f79091f8b4c7,,installed METADATA and legal files; native contents require separate review
com.machdoch.desktop.dev,requests,2.34.2,Apache-2.0,License :: OSI Approved :: Apache Software License,licenses/LICENSE; licenses/NOTICE,09e8a9bcec8067104652c168685ab0931e7868f9c8284b66f5ae6edae5f1130b; f5110972dedad2b4e9d314518daf3b7d72d6e02e499acd802181de6f74571dcc,,installed METADATA and legal files; native contents require separate review
com.machdoch.desktop.dev,resvg_py,0.5.0,MIT,,licenses/LICENSE,753a9e3c09cece8584467a0f605e065005c2a5e5c6da4f0cbb0493d2d52b96f6,,installed METADATA and legal files; native contents require separate review; licence text inspected
com.machdoch.desktop.dev,rich,15.0.0,MIT,License :: OSI Approved :: MIT License,licenses/LICENSE,deed7c17a4318158190a3ea239cc879a5a50271cebb98ae7025f48fbe58dca15,,installed METADATA and legal files; native contents require separate review
com.machdoch.desktop.dev,rocm,7.14.0,,,,,,installed METADATA and legal files; native contents require separate review
com.machdoch.desktop.dev,rocm-bootstrap,0.1.0,MIT,,,,,installed METADATA and legal files; native contents require separate review
com.machdoch.desktop.dev,rocm-sdk-core,7.14.0,,,,,,installed METADATA and legal files; native contents require separate review
com.machdoch.desktop.dev,rocm-sdk-device-gfx1201,7.14.0,,,,,,installed METADATA and legal files; native contents require separate review
com.machdoch.desktop.dev,rocm-sdk-libraries,7.14.0,,,,,,installed METADATA and legal files; native contents require separate review
com.machdoch.desktop.dev,safetensors,0.8.0,Apache-2.0,License :: OSI Approved :: Apache Software License,licenses/LICENSE,1eb85fc97224598dad1852b5d6483bbcf0aa8608790dcc657a5a2a761ae9c8c6,,installed METADATA and legal files; native contents require separate review; licence text inspected
com.machdoch.desktop.dev,scipy,1.18.1,"License text: GPL, GCC-runtime-exception, BSD-style",License :: OSI Approved :: BSD License,LICENSE.txt,f0f5c56b298ec9795df1199edc328a987242716d14a1bde6813112e22dc15f99,,installed METADATA and legal files; native contents require separate review
com.machdoch.desktop.dev,sentencepiece,0.2.2,Apache-2.0,,,,,installed METADATA and legal files; native contents require separate review
com.machdoch.desktop.dev,setuptools,81.0.0,MIT,,licenses/LICENSE,86da0f01aeae46348a3c3d465195dc1ceccde79f79e87769a64b8da04b2a4741,,installed METADATA and legal files; native contents require separate review
com.machdoch.desktop.dev,shellingham,1.5.4,ISC License,License :: OSI Approved :: ISC License (ISCL),LICENSE,f388fd38cad13112c1dc0f669bbe80e7f84541edbafb72f3030d2ca7642c3c9d,,installed METADATA and legal files; native contents require separate review
com.machdoch.desktop.dev,six,1.17.0,MIT,License :: OSI Approved :: MIT License,LICENSE,4375ba20e2b9c6c4e7cad2940a628fd90e95cc3d50ee92aae755715d8ba1fbd0,,installed METADATA and legal files; native contents require separate review
com.machdoch.desktop.dev,spandrel,0.4.2,MIT,License :: OSI Approved :: MIT License,,,,installed METADATA and legal files; native contents require separate review
com.machdoch.desktop.dev,sympy,1.14.0,BSD,License :: OSI Approved :: BSD License,licenses/LICENSE,07a5e9819f727b4986ad2829c7a29a6320d42575f720eb24d71b7fef573a0286,,installed METADATA and legal files; native contents require separate review
com.machdoch.desktop.dev,tokenizers,0.23.2,Apache-2.0,License :: OSI Approved :: Apache Software License,,,,installed METADATA and legal files; native contents require separate review; exact upstream v0.23.2 LICENSE verified
com.machdoch.desktop.dev,torch,2.12.0+rocm7.14.0,BSD-3-Clause,,licenses/LICENSE; licenses/NOTICE,6de2390f7ad5b438f3fc457695fb044bad29f3771dfc4979a72b6b9b7e3aa47d; 1c3dec6c0342c7ed9e12af59b296c7bb1d394af5cf881db74191cc8299efce5c,,installed METADATA and legal files; native contents require separate review
com.machdoch.desktop.dev,torchvision,0.27.0+rocm7.14.0,BSD,,licenses/LICENSE,c06363f9d33627dc5173b13522444cc85fbb4739f63e16d4587d5c0a165b5b1e,,installed METADATA and legal files; native contents require separate review
com.machdoch.desktop.dev,tqdm,4.70.1,MPL-2.0 AND MIT,,licenses/LICENCE,fcff87c3a47ce8028a8512aa182d4fcf0ad1c90544ee75cf9b343684cac194de,,installed METADATA and legal files; native contents require separate review
com.machdoch.desktop.dev,transformers,5.17.0,Apache 2.0 License,,licenses/LICENSE,77fd4710def9ec3c0f6225800e0235f15a425abd4a8b03559127fcd782612049,,installed METADATA and legal files; native contents require separate review
com.machdoch.desktop.dev,typer,0.27.2,MIT,,licenses/LICENSE,58992cebcf8dfb6e40c4e2112ed12126c243666dca3912a3d78b7ecac4859d49,,installed METADATA and legal files; native contents require separate review
com.machdoch.desktop.dev,typing_extensions,4.15.0,PSF-2.0,,licenses/LICENSE,3b2f81fe21d181c499c59a256c8e1968455d6689d269aa85373bfb6af41da3bf,,installed METADATA and legal files; native contents require separate review
com.machdoch.desktop.dev,tzdata,2026.4,Apache-2.0,,licenses/LICENSE; licenses/licenses/LICENSE_APACHE,df58f69ea88683035d720b5375bcef0cf5aeaa98a1d098d572e0992c378deb46; c71d239df91726fc519c6eb72d318ec65820627232b2f796219e87dcf35d0ab4,,installed METADATA and legal files; native contents require separate review
com.machdoch.desktop.dev,urllib3,2.8.0,MIT,,licenses/LICENSE.txt,130e3a64d5fdd5d096a752694634a7d9df284469de86e5732100268041e3d686,,installed METADATA and legal files; native contents require separate review
com.machdoch.desktop.dev,wcwidth,0.9.1,MIT,License :: OSI Approved :: MIT License,licenses/LICENSE,dff08668b8cfca00ec90011eb318e450c3719fcd40893bf375781a6beef7143a,,installed METADATA and legal files; native contents require separate review; licence text inspected
com.machdoch.desktop.dev,xxhash,4.0.1,BSD-2-Clause,,licenses/LICENSE,b76e99529f3e47372029e11914a8f4b95d6313463ed5a1a5c9afe96c3e015114,,installed METADATA and legal files; native contents require separate review
com.machdoch.desktop.dev,yarl,1.25.1,Apache-2.0,,licenses/LICENSE; licenses/NOTICE,cfc7749b96f63bd31c3c42b5c471bf756814053e847c10f3eb003417bc523d30; 56d6ac6c8105c0a51304c21db060e361af9a8ea0af9a75c239c28b5d13693838,,installed METADATA and legal files; native contents require separate review
com.machdoch.desktop.dev,zipp,4.1.0,MIT,,licenses/LICENSE,9755a18519666e5f0f4cae3daad3d7012bcae48a600b31237d75e9fe134e6683,,installed METADATA and legal files; native contents require separate review
