name,version,license,classifiers,metadata_url,evidence,error
diffusers,4295ee3ec58efa6577bc459e9b84ca3f63aa9a96,Apache-2.0,,https://github.com/huggingface/diffusers/blob/4295ee3ec58efa6577bc459e9b84ca3f63aa9a96/LICENSE,pinned Git source; separate source review,
transformers,5.17.0,Apache 2.0 License,,https://pypi.org/pypi/transformers/5.17.0/json,exact-version PyPI metadata,
sentencepiece,0.2.2,Apache-2.0,,https://pypi.org/pypi/sentencepiece/0.2.2/json,exact-version PyPI metadata,
protobuf,7.35.1,3-Clause BSD License,,https://pypi.org/pypi/protobuf/7.35.1/json,exact-version PyPI metadata,
accelerate,1.14.0,Apache,License :: OSI Approved :: Apache Software License,https://pypi.org/pypi/accelerate/1.14.0/json,exact-version PyPI metadata,
peft,0.19.1,Apache,License :: OSI Approved :: Apache Software License,https://pypi.org/pypi/peft/0.19.1/json,exact-version PyPI metadata,
datasets,5.0.1,Apache 2.0,License :: OSI Approved :: Apache Software License,https://pypi.org/pypi/datasets/5.0.1/json,exact-version PyPI metadata,
bitsandbytes,0.50.2,MIT,,https://pypi.org/pypi/bitsandbytes/0.50.2/json,exact-version PyPI metadata,
ftfy,6.3.1,Apache-2.0,,https://pypi.org/pypi/ftfy/6.3.1/json,exact-version PyPI metadata,
safetensors,0.8.0,Apache-2.0,License :: OSI Approved :: Apache Software License,https://pypi.org/pypi/safetensors/0.8.0/json,exact-version PyPI metadata; installed METADATA/legal files; exact installed licence text inspected,
numpy,2.5.2,BSD-3-Clause AND 0BSD AND MIT AND Zlib AND CC0-1.0,,https://pypi.org/pypi/numpy/2.5.2/json,exact-version PyPI metadata,
scipy,1.18.1,"License text: LGPL, GPL, GCC-runtime-exception, BSD-style",License :: OSI Approved :: BSD License,https://pypi.org/pypi/scipy/1.18.1/json,exact-version PyPI metadata,
Pillow,12.3.0,MIT-CMU,,https://pypi.org/pypi/Pillow/12.3.0/json,exact-version PyPI metadata,
imageio-ffmpeg,0.6.0,BSD-2-Clause,License :: OSI Approved :: BSD License,https://pypi.org/pypi/imageio-ffmpeg/0.6.0/json,exact-version PyPI metadata,
opencv-python-headless,4.13.0.92,Apache 2.0,License :: OSI Approved :: Apache Software License,https://pypi.org/pypi/opencv-python-headless/4.13.0.92/json,exact-version PyPI metadata,
spandrel,0.4.2,MIT,License :: OSI Approved :: MIT License,https://pypi.org/pypi/spandrel/0.4.2/json,exact-version PyPI metadata,
resvg_py,0.5.0,MIT,,https://pypi.org/pypi/resvg_py/0.5.0/json,exact-version PyPI metadata; installed METADATA/legal files; exact installed licence text inspected,
