repository,revision,document_url,sha256,bytes,evidence,error
ideogram-ai/ideogram-4-nf4,f664347839e0a87bc495f5c9483cc0014b8e344e,https://huggingface.co/ideogram-ai/ideogram-4-nf4/resolve/f664347839e0a87bc495f5c9483cc0014b8e344e/LICENSE.md,29125fd78316409de65039259cd2f811237a3690f0aebfd959ac1f75d783fe12,13647,Exact pinned model licence text retrieved and inspected,
black-forest-labs/FLUX.1-dev,3de623fc3c33e44ffbe2bad470d0f45bccf2eb21,https://huggingface.co/black-forest-labs/FLUX.1-dev/resolve/3de623fc3c33e44ffbe2bad470d0f45bccf2eb21/LICENSE.md,6f7b3d94ddd94380a4dc2d1211ed57883d320dea96f4393b34d4a454041029e1,18621,Exact pinned model licence text retrieved and inspected,
black-forest-labs/FLUX.2-klein-9B,92196c8e11f7b6cf2b7493e037d8c5345c559216,https://huggingface.co/black-forest-labs/FLUX.2-klein-9B/resolve/92196c8e11f7b6cf2b7493e037d8c5345c559216/LICENSE.md,468d9f4332c0c895e9132c035982a40a12750092603a2e910913cb49aa887d3b,18158,Exact pinned model licence text retrieved and inspected,
black-forest-labs/FLUX.2-klein-base-9B,32773329fbe7e81a90ef971740e8ba4b0364ecf3,https://huggingface.co/black-forest-labs/FLUX.2-klein-base-9B/resolve/32773329fbe7e81a90ef971740e8ba4b0364ecf3/LICENSE.md,468d9f4332c0c895e9132c035982a40a12750092603a2e910913cb49aa887d3b,18158,Exact pinned model licence text retrieved and inspected,
black-forest-labs/FLUX.2-dev,26afe3a78bb242c0a8bb181dcc8937bb16e5c66c,https://huggingface.co/black-forest-labs/FLUX.2-dev/resolve/26afe3a78bb242c0a8bb181dcc8937bb16e5c66c/LICENSE.md,468d9f4332c0c895e9132c035982a40a12750092603a2e910913cb49aa887d3b,18158,Exact pinned model licence text retrieved and inspected,
Lightricks/LTX-2.3,5948be4ced3a4493d1f836df64378ff136ddb770,https://huggingface.co/Lightricks/LTX-2.3/resolve/5948be4ced3a4493d1f836df64378ff136ddb770/LICENSE,e28ef68d90e17b06308e4c5cba5c9a967b70c3d67f87ddc3dfc46a312cb6a134,21399,Exact pinned model licence text retrieved and inspected,
zai-org/CogVideoX1.5-5B,fdc5267c90b5c06492985b966e43aae984e189e0,https://huggingface.co/zai-org/CogVideoX1.5-5B/resolve/fdc5267c90b5c06492985b966e43aae984e189e0/LICENSE,f1702a540abe80caa3458a4eb539d8a138ffeab99d971d14a99083726814037e,5704,Exact pinned model licence text retrieved and inspected,
zai-org/CogVideoX1.5-5B-I2V,46c90528707aebbe69066390b4fe7e7d24c9c2a4,https://huggingface.co/zai-org/CogVideoX1.5-5B-I2V/resolve/46c90528707aebbe69066390b4fe7e7d24c9c2a4/LICENSE,f1702a540abe80caa3458a4eb539d8a138ffeab99d971d14a99083726814037e,5704,Exact pinned model licence text retrieved and inspected,
stabilityai/stable-video-diffusion-img2vid-xt,9e43909513c6714f1bc78bcb44d96e733cd242aa,https://huggingface.co/stabilityai/stable-video-diffusion-img2vid-xt/resolve/9e43909513c6714f1bc78bcb44d96e733cd242aa/LICENSE.md,d6f6b1a4dce5c852bd6d7d9482d002baf0ccdb71e662250b73be9eec8764ee8d,11852,Exact pinned model licence text retrieved and inspected,
SulphurAI/Sulphur-2-base,65587bbb38c700622f9434a16e732c8b280c115e,https://huggingface.co/SulphurAI/Sulphur-2-base/resolve/65587bbb38c700622f9434a16e732c8b280c115e/LICENSE.txt,7c8ef302fa1444a3a5650c2dfa09c6927a52b233202431023abb32519f354397,21467,Exact pinned model licence text retrieved and inspected,
krea/Krea-2-Raw,6b0ece7fffb640c5e3bcbe0a7f10f66b8e60a603,https://huggingface.co/krea/Krea-2-Raw/resolve/6b0ece7fffb640c5e3bcbe0a7f10f66b8e60a603/LICENSE.pdf,,,Publisher public community-licence text inspected; exact pinned PDF inaccessible,HTTP Error 401: Unauthorized
