path,bytes,sha256
apps/client/src-tauri/icons/128x128.png,9439,70992b5e92098d662030d31e18eb2f8407700cf004430a743f289c3dbdbb00ec
apps/client/src-tauri/icons/128x128@2x.png,36229,6468721e4c0d7b95f5bee7aef355555b16a33bbcf40eb22aab00ae132f015604
apps/client/src-tauri/icons/32x32.png,1450,5522d0dc18ca8b5da310ff269a098ba4402e7723a59cbe2d60697edb7a0d952c
apps/client/src-tauri/icons/64x64.png,3318,95212fec4fb62711956a6f0f6d6f8a07359b960097d1720a1ad9e447cf9ab3a0
apps/client/src-tauri/icons/Square107x107Logo.png,7051,9bbe30c8c040118599d1c5ac3217f57b786b1e26f2abdf07a73dacf80e28d1f0
apps/client/src-tauri/icons/Square142x142Logo.png,11548,d11ab095df77528b9aadef49ae400519ed05b98eb0fa29edef566de4cb137246
apps/client/src-tauri/icons/Square150x150Logo.png,12927,7091cff6dc45db007e166e6d3a0876207785fe19147bb95f9a092daa22264b2c
apps/client/src-tauri/icons/Square284x284Logo.png,44506,c7c9f078c7d59cb3e826c741b037258a3f40f9a7d9c86e995f01fa045ce22f13
apps/client/src-tauri/icons/Square30x30Logo.png,1388,06357ef2ff602ff88d7d7ac6f5d4893ea24907ca2473e831db1d301ca9fb5883
apps/client/src-tauri/icons/Square310x310Logo.png,53038,fe3407140cfd5e70e6451797e5a3d6faa7c582ee17cdf57b991d79e6d2436c2d
apps/client/src-tauri/icons/Square44x44Logo.png,2122,92918637add3c2f528ae89ee5a3030310b1cc9e768f5621d9cdd5c9a260e6e03
apps/client/src-tauri/icons/Square71x71Logo.png,3855,8bfa4f23484908be5d75b3eb0a60e3d571e58a560592d093bc30d6b7144f5ab9
apps/client/src-tauri/icons/Square89x89Logo.png,5269,67a1701b758c96371f16745761c8d6b60d4ac5f4ffb0208bed38aa38bc290e5f
apps/client/src-tauri/icons/StoreLogo.png,2512,14288367c7a9d3cea25d083670d79d05b92bf9a6eb925698a3734b8f878898a0
apps/client/src-tauri/icons/android/mipmap-hdpi/ic_launcher.png,2520,cc5102add7751fa5972fb197e3e208cb30d001f46431cda46b0451fa1446465c
apps/client/src-tauri/icons/android/mipmap-hdpi/ic_launcher_foreground.png,15001,864ccbefd41d7cd7322c9974b60aef80dc16456da726ebc095654802ba02ad10
apps/client/src-tauri/icons/android/mipmap-hdpi/ic_launcher_round.png,2611,96168482ea65f52150f64c909b7e794135956b04dd8586707c60e70999b18ebc
apps/client/src-tauri/icons/android/mipmap-mdpi/ic_launcher.png,2469,5d68a596c2f9e0c66ce404bb2d8034b9917f68074584d43b24412a50ff192684
apps/client/src-tauri/icons/android/mipmap-mdpi/ic_launcher_foreground.png,7231,176e9826e735143c781012ef0eb368a5e15e6717ba5274d103a36f2712259cfe
apps/client/src-tauri/icons/android/mipmap-mdpi/ic_launcher_round.png,2526,3153eb958fd05bd0b1609f85c61323bd50e93fe016517c64a0ec9e1e4f82a419
apps/client/src-tauri/icons/android/mipmap-xhdpi/ic_launcher.png,5793,567ce937df6ab120a81a7833b06706c6674f85ae7312b967c13eb47e9423b3b5
apps/client/src-tauri/icons/android/mipmap-xhdpi/ic_launcher_foreground.png,25537,41e0ff868a282a5df7e8e9e9f9381309315562840d1e3f37064a9ff98437ef95
apps/client/src-tauri/icons/android/mipmap-xhdpi/ic_launcher_round.png,5563,fe29a78413ff11f455454c2aef6836e02146689765716ea92bfd6f995df2324b
apps/client/src-tauri/icons/android/mipmap-xxhdpi/ic_launcher.png,10361,6ac747360ddb62809f5d6cf0f415b50bea3d23f354947da999a31e26398b5ab1
apps/client/src-tauri/icons/android/mipmap-xxhdpi/ic_launcher_foreground.png,58846,597f61efd6fe34812566e504ddce7c200c58490a06358f49f6e17a0979b96fe8
apps/client/src-tauri/icons/android/mipmap-xxhdpi/ic_launcher_round.png,9805,f40076b2655e4fc38970458d6642cca8837531106ec66c8b1e968b4719c0c9e9
apps/client/src-tauri/icons/android/mipmap-xxxhdpi/ic_launcher.png,17062,cd36fb685d6f39af63df6b2caae83afd33888c88d8dfad533944ec7af76cf7f4
apps/client/src-tauri/icons/android/mipmap-xxxhdpi/ic_launcher_foreground.png,102947,6ae7ad7c27caa22cb6434d5e8eba45dcc7576cd65d38774e85a02368cada51eb
apps/client/src-tauri/icons/android/mipmap-xxxhdpi/ic_launcher_round.png,16285,1cd1769fd9074dc16529874b0f916548ab1b2ca28ab05cd79fa389ef24f4fd33
apps/client/src-tauri/icons/icon.icns,802507,8241db355ae38e7d5c3d4f5f0d079d525f4fd9fc6a3c22b5b32e6a8543673967
apps/client/src-tauri/icons/icon.ico,46204,7b97d22c0434d4bedf1dcd69054409d2b28e788bd482c06f799b99863c9cc26e
apps/client/src-tauri/icons/icon.png,145132,7828de32efa3849c0a7808e86ae4e2733cfef8a14e5fe1db5987cfdc45739b00
apps/client/src-tauri/icons/ios/AppIcon-20x20@1x.png,868,adf4b299b3c633d9e3327f6a277cbf84f99a27e59bb70c9f9d34f43f5edeac90
apps/client/src-tauri/icons/ios/AppIcon-20x20@2x-1.png,1862,ccffa18cfa3f9d190aa1d6b9ef38efbbd4f36aa47f6b4c943fcb822482c74c47
apps/client/src-tauri/icons/ios/AppIcon-20x20@2x.png,1862,ccffa18cfa3f9d190aa1d6b9ef38efbbd4f36aa47f6b4c943fcb822482c74c47
apps/client/src-tauri/icons/ios/AppIcon-20x20@3x.png,2949,610f6108a99654195f5c660499083a7f0e28cbd1b2433bbf4ad9fb088dafa20b
apps/client/src-tauri/icons/ios/AppIcon-29x29@1x.png,1281,79a9a20e56abbada42905ff4948be9726b8c2aa2bfedb3681b4693e7361bde13
apps/client/src-tauri/icons/ios/AppIcon-29x29@2x-1.png,2849,fdea2009cec5ba2d4129c6d8c1ad4c7e41bf7a218699ec622456c9899e7fe811
apps/client/src-tauri/icons/ios/AppIcon-29x29@2x.png,2849,fdea2009cec5ba2d4129c6d8c1ad4c7e41bf7a218699ec622456c9899e7fe811
apps/client/src-tauri/icons/ios/AppIcon-29x29@3x.png,4658,b567733e0e6f3c58844934d1ec9ce8dc38f721eb9ca486447e53243d292dd9ff
apps/client/src-tauri/icons/ios/AppIcon-40x40@1x.png,1862,ccffa18cfa3f9d190aa1d6b9ef38efbbd4f36aa47f6b4c943fcb822482c74c47
apps/client/src-tauri/icons/ios/AppIcon-40x40@2x-1.png,4060,17646679e8948251a9cf4ef54ccdd1d21eaba4e1d99cbcafe563ca4047fcbd15
apps/client/src-tauri/icons/ios/AppIcon-40x40@2x.png,4060,17646679e8948251a9cf4ef54ccdd1d21eaba4e1d99cbcafe563ca4047fcbd15
apps/client/src-tauri/icons/ios/AppIcon-40x40@3x.png,7705,366cea5dc435f9d7418b02c4fecd96a734cd27c3b8a72668957866b99de388b6
apps/client/src-tauri/icons/ios/AppIcon-512@2x.png,403581,ed5bdeaa1fb63d788f4eebd3fe3f645963747b0a9efe4eb641df11a82181ecd5
apps/client/src-tauri/icons/ios/AppIcon-60x60@2x.png,7705,366cea5dc435f9d7418b02c4fecd96a734cd27c3b8a72668957866b99de388b6
apps/client/src-tauri/icons/ios/AppIcon-60x60@3x.png,16465,ca440765a71047eb06b24c5a3e263c900a6fc1b8f5302bfb205fe9e56188ae15
apps/client/src-tauri/icons/ios/AppIcon-76x76@1x.png,3913,aab0bbdc68150a8cb0daaa6ce8f294bd8f20c12fa0e11de3feeb878b84f36bb4
apps/client/src-tauri/icons/ios/AppIcon-76x76@2x.png,12133,b3186318417e0e2176718b9f9f359a9894661283efa19c5cabe8c8ec8bfc1050
apps/client/src-tauri/icons/ios/AppIcon-83.5x83.5@2x.png,14085,22f42a30bc12a7275c5c6902f7a61445928447c7be6db5c3424112a508b085fc
apps/client/src-tauri/python/fizgig/assets/h3_silu_temb_grid.safetensors,5510600,30eb3c2cc7fb6b470d9717ff840d359313ac27cd64b705e32da1baa10f72d6a8
apps/client/src/tauri/ui/preview/favicon.png,841,c60e7609d22514de18ec34e019209f264b8d331ab6467cfc5a60504c95ee5e75
apps/fleet-android/gradle/wrapper/gradle-wrapper.jar,46175,b3a875ddc1f044746e1b1a55f645584505f4a10438c1afea9f15e92a7c42ec13
apps/landing/public/apple-touch-icon.png,18485,a0a38ad5a642aa31fdd53d6c7a9f872eed31a52fc26f91f8efa864549a0c3ce8
apps/landing/public/favicon-48.png,2314,2508d4fa13d0a252ecd84716819b2f2ece6a75d0abf00417fd5af2f75c7a8de9
apps/landing/public/images/app-media.webp,135426,75e995b116b05fb09e6dc1bbf93bea89863e1b4aec48c757ce9ec4d8893ad103
apps/landing/public/images/app-scheduler.webp,28326,843b545f1bfc09c84d129a4831081605eb94b6f187ff3efb037e27f9bfa27428
apps/landing/public/images/app-task-mobile.webp,37144,8c916190e76f263235446630dee63aa255277fdf0622d2b15aac70478e515e7e
apps/landing/public/images/app-task.webp,97556,694e87f3ce1dfb4f07c0025959fe4bfbbf44eea3ef746b7de0406ba6c5d1a93c
apps/landing/public/images/app-workspace-mobile.webp,25896,12fad073973c790d509d6f4f7834f4b9f1cd46494b6858ab95661215c114739d
apps/landing/public/images/app-workspace.webp,34552,fe1214e4b673c0703dfdb3bd05629f3348df783119ad3fa4d6abccefe334073e
apps/landing/public/images/machdoch-logo.webp,2306,66e2125dca628210430276e7a2f4e462fab1b900c0c79255ec11a9315dda355d
apps/landing/public/machdoch-app-social.jpg,76266,f403cb9349c1480d663e8a6392cfb6154278dc6763c895f55f696a232c733713
assets/branding/banner.png,1329159,07ca2aeac177ba2acd3407691b2fb3a5a30616df00bbc6c0b84adbf49a264704
assets/branding/logo.png,564406,f5949230fe563cc3f9a5ed252e54c78b8095faf4d2f0580b6f37b8b8047aae99
assets/branding/window-protected-message.png,1749930,edcdf8b604e12fd536d05829645e30ecbc9448f68e45f75d4a830b2049582dc2
